leverandor_hdir_helfo;medleverandorer;sprak;tema;tittel;sist_oppdatert;url
Helfo;;nb;behandlere;Avtalespesialister;2023-05-26;https://www.helsenorge.no/behandlere/avtalespesialist/
Helfo;;nb;behandlere;Logoped eller audiopedagog - behandling hos;2021-12-22;https://www.helsenorge.no/behandlere/behandling-hos-logoped-eller-audiopedagog/
Helfo;;nb;behandling-i-utlandet;Nasjonalt kontaktpunkt for helsehjelp;2026-09-22;https://www.helsenorge.no/behandling-i-utlandet/Nasjonalt-kontaktpunkt-for-helsehjelp/
Helfo;;nb;behandling-i-utlandet;Behandling i et annet EU/EØS-land, Sveits eller Storbritannia ved medisinsk uforsvarlig ventetid i Norge;2026-03-03;https://www.helsenorge.no/behandling-i-utlandet/behandling-i-et-annet-eu-eos-land-ved-medisinsk-uforsvarlig-lang-ventetid-i-norge/
Helfo;;nb;behandling-i-utlandet;Behandling i spesialisthelsetjenesten i utlandet;2024-02-07;https://www.helsenorge.no/behandling-i-utlandet/behandling-i-spesialisthelsetjenesten-i-utlandet/
Helfo;;nb;behandling-i-utlandet;Dialyse i utlandet;2026-02-26;https://www.helsenorge.no/behandling-i-utlandet/dialyse-i-utlandet/
Helfo;;nb;behandling-i-utlandet;Egne regler for stønad til helsetjenester i visse EU/EØS-land;2026-02-26;https://www.helsenorge.no/behandling-i-utlandet/egne-regler-for-helsetjenester-i-visse-eu-eos-land/
Helfo;;nb;behandling-i-utlandet;EU/EØS-landene;2023-09-13;https://www.helsenorge.no/behandling-i-utlandet/eu-eos-landene/
Helfo;;nb;behandling-i-utlandet;Fødsel i EU/EØS eller Sveits;2026-02-27;https://www.helsenorge.no/behandling-i-utlandet/fodsel-i-eu-eos-eller-sveits/
Helfo;;nb;behandling-i-utlandet;Fødsel utenfor EU/EØS;2026-02-26;https://www.helsenorge.no/behandling-i-utlandet/fodsel-utenfor-eu-eos/
Helfo;;nb;behandling-i-utlandet;"Fysioterapi i EU/EØS
";2026-02-26;https://www.helsenorge.no/behandling-i-utlandet/fysioterapi-i-eu-eos/
Helfo;;nb;behandling-i-utlandet;"Infertilitetsbehandling i EU/EØS
";2026-08-28;https://www.helsenorge.no/behandling-i-utlandet/infertilitetsbehandling-i-eu-eos/
Helfo;;nb;behandling-i-utlandet;Infertilitetsbehandling utenfor EU/EØS;2026-05-07;https://www.helsenorge.no/behandling-i-utlandet/infertilitetsbehandling-utenfor-eu-eos/
Helfo;;nb;behandling-i-utlandet;Jordmorhjelp i EU/EØS;2026-02-27;https://www.helsenorge.no/behandling-i-utlandet/jordmor-i-eu-eos/
Helfo;;nb;behandling-i-utlandet;"Kjøp av hormonelle prevensjonsmidler i EU/EØS
";2026-02-27;https://www.helsenorge.no/behandling-i-utlandet/kjop-av-hormonelle-prevensjonsmidler-i-eu-eos/
Helfo;;nb;behandling-i-utlandet;"Kjøp av legemidler i EU/EØS
";2026-03-03;https://www.helsenorge.no/behandling-i-utlandet/kjop-av-legemidler-i-eu-eos/
Helfo;;nb;behandling-i-utlandet;"Kjøp av legemidler utenfor EU/EØS
";2026-02-27;https://www.helsenorge.no/behandling-i-utlandet/kjop-av-legemidler-utenfor-eu-eos/
Helfo;;nb;behandling-i-utlandet;Kjøp i EU/EØS av legemidler til infertilitetsbehandling;2026-03-03;https://www.helsenorge.no/behandling-i-utlandet/kjop-av-legemidler-ved-infertilitetsbehandling-i-eu-eos/
Helfo;;nb;behandling-i-utlandet;Kjøp av medisinsk forbruksmateriell i EU/EØS;2026-02-27;https://www.helsenorge.no/behandling-i-utlandet/kjop-av-medisinsk-forbruksmateriell-i-eu-eos/
Helfo;;nb;behandling-i-utlandet;Kjøp av medisinsk forbruksmateriell utenfor EU/EØS;2026-02-27;https://www.helsenorge.no/behandling-i-utlandet/kjop-av-medisinsk-forbruksmateriell-utenfor-eu-eos/
Helfo;;nb;behandling-i-utlandet;Kjøp av næringsmidler i EU/EØS;2026-02-27;https://www.helsenorge.no/behandling-i-utlandet/kjop-av-naringsmidler-i-eu-eos/
Helfo;;nb;behandling-i-utlandet;Kjøp av næringsmiddel utanfor EU/EØS;2026-03-09;https://www.helsenorge.no/behandling-i-utlandet/kjop-av-naringsmidler-utenfor-eu-eos/
Helfo;;nb;behandling-i-utlandet;"Laboratorieprøver og røntgen i EU/EØS
";2026-02-27;https://www.helsenorge.no/behandling-i-utlandet/laboratorieprover-og-rontgen-i-eu-eos/
Helfo;;nb;behandling-i-utlandet;"Legehjelp i EU/EØS
";2026-02-27;https://www.helsenorge.no/behandling-i-utlandet/legehjelp-i-eu-eos/
Helfo;;nb;behandling-i-utlandet;"Logoped og audiopedagog i EU/EØS
";2026-02-27;https://www.helsenorge.no/behandling-i-utlandet/logoped-og-audiopedagog-i-eu-eos/
Helfo;;nb;behandling-i-utlandet;Nasjonale kontaktpunkter for helsehjelp i EU/EØS;2022-05-12;https://www.helsenorge.no/behandling-i-utlandet/nasjonale-kontaktpunkter-for-helsehjelp-i-eos/
Helfo;;nb;behandling-i-utlandet;Oksygenbehandling i utlandet;2023-12-08;https://www.helsenorge.no/behandling-i-utlandet/oksygenbehandling-i-utlandet/
Helfo;;nb;behandling-i-utlandet;"Ortoptist i EU/EØS
";2026-07-01;https://www.helsenorge.no/behandling-i-utlandet/ortoptist-i-eu-eos/
Helfo;;nb;behandling-i-utlandet;Oversikt over helsehjelp i andre EU/EØS-land;2025-06-30;https://www.helsenorge.no/behandling-i-utlandet/oversikt-over-helsehjelp/
Helfo;;nb;behandling-i-utlandet;Personer som kan motta planlagt behandling i EØS-området;2025-07-10;https://www.helsenorge.no/behandling-i-utlandet/personer-som-kan-motta-planlagt-behandling-i-eo-omradet/
Helfo;;nb;behandling-i-utlandet;Psykologhjelp i EU/EØS;2026-02-27;https://www.helsenorge.no/behandling-i-utlandet/psykolog-i-eu-eos/
Helfo;;nb;behandling-i-utlandet;Rett til behandling i utlandet;2024-01-04;https://www.helsenorge.no/behandling-i-utlandet/rett-til-behandling-i-utlandet/
Helfo;;nb;behandling-i-utlandet;Rett til helsehjelp i Storbritannia;2024-01-03;https://www.helsenorge.no/behandling-i-utlandet/rett-til-helsehjelp-i-storbritannia/
Helfo;;nb;behandling-i-utlandet;"Sykehusbehandling og andre spesialisthelsetjenester i EU/EØS-land
";2025-02-20;https://www.helsenorge.no/behandling-i-utlandet/sykehusbehandling-og-andre-spesialisthelsetjenester-i-eos-land/
Helfo;;nb;behandling-i-utlandet;"Tannbehandling i EU/EØS
";2026-02-27;https://www.helsenorge.no/behandling-i-utlandet/tannbehandling-i-eu-eos/
Helfo;;nb;behandling-i-utlandet;Yrkesskade/yrkessykdom og opphold i EU/EØS, Sveits eller Storbritannia;2026-03-02;https://www.helsenorge.no/behandling-i-utlandet/yrkesskade-yrkessykdom-og-opphold-i-eu-eos/
Helfo;;nb;betaling-for-helsetjenester;Betaling for bandasjemateriell, forbruksmateriell og reseptfrie legemidler;2026-01-01;https://www.helsenorge.no/betaling-for-helsetjenester/betaling-for-bandasjemateriell-forbruksmateriell-og-reseptfrie-legemidler/
Helfo;;nb;betaling-for-helsetjenester;Betaling for kremer, salver, gel og oljer ved betydelige og kroniske hudlidelser med uttørring av huden ;2026-04-16;https://www.helsenorge.no/betaling-for-helsetjenester/betaling-for-kremer-salver-gel-og-oljer-ved-betydelige-og-kroniske-hudlidelser-med-uttorring-av-huden/
Helfo;;nb;betaling-for-helsetjenester;Betaling for medisinsk utstyr ved kroniske sykdommer;2026-03-02;https://www.helsenorge.no/betaling-for-helsetjenester/betaling-for-medisinsk-utstyr-ved-kroniske-sykdommer/
Helfo;;nb;betaling-for-helsetjenester;Egenandeler hos fysioterapeut;2026-08-01;https://www.helsenorge.no/betaling-for-helsetjenester/betaling-hos-fysioterapeut/
Helfo;;nb;betaling-for-helsetjenester;Egenandel hos lege;2026-08-01;https://www.helsenorge.no/betaling-for-helsetjenester/betaling-hos-lege/
Helfo;;nb;betaling-for-helsetjenester;Eigendelar hos psykolog;2026-01-01;https://www.helsenorge.no/betaling-for-helsetjenester/betaling-hos-psykolog/
Helfo;;nb;betaling-for-helsetjenester;Egenandeler på laboratorier og røntgeninstitutt;2026-08-01;https://www.helsenorge.no/betaling-for-helsetjenester/betaling-pa-laboratorier-og-rontgeninstitutt/
Helfo;;nb;betaling-for-helsetjenester;Egenandeler og pasientbetaling på sykehus og poliklinikk;2026-08-01;https://www.helsenorge.no/betaling-for-helsetjenester/betaling-pa-sykehus-og-poliklinikk/
Helfo;;nb;betaling-for-helsetjenester;Eigendelar for helsetenester;2026-01-01;https://www.helsenorge.no/betaling-for-helsetjenester/egenandeler-for-helsetjenester/
Helfo;;nb;betaling-for-helsetjenester;Eingongsstønad ved heimefødsel;2026-01-01;https://www.helsenorge.no/betaling-for-helsetjenester/engangsstonad-ved-hjemmefodsel/
Helfo;;nb;betaling-for-helsetjenester;Frikort for helsetjenester;2026-08-01;https://www.helsenorge.no/betaling-for-helsetjenester/frikort-for-helsetjenester/
Helfo;;nb;betaling-for-helsetjenester;Hvem betaler tannlegeregningen din?;2026-07-01;https://www.helsenorge.no/betaling-for-helsetjenester/hvem-betaler-tannlegeregningen-din/
Helfo;;nb;betaling-for-helsetjenester;"Migrenemedisin tilgjengelig på blå resept
";2026-05-11;https://www.helsenorge.no/betaling-for-helsetjenester/migrene-medisin-pa-bla-resept/
Helfo;;nb;betaling-for-helsetjenester;Ozempic og Rybelsus på blå resept;2026-09-01;https://www.helsenorge.no/betaling-for-helsetjenester/ozempic-pa-bla-resept/
Helfo;;nb;betaling-for-helsetjenester;Reservasjon mot automatisk frikort for helsetenester;2026-06-24;https://www.helsenorge.no/betaling-for-helsetjenester/reservasjon-mot-automatisk-frikort-for-helsetjenester/
Helfo;;nb;bo-i-utlandet;Arbeidstaker som arbeider utenfor EU/EØS for en utenlandsk arbeidsgiver;2024-01-18;https://www.helsenorge.no/bo-i-utlandet/arbeidstaker-for-utenlandsk-arbeidsgiver-utenfor-eu-eos/
Helfo;;nb;bo-i-utlandet;Arbeidstaker i et annet EU/EØS-land, Sveits eller Storbritannia;2025-03-25;https://www.helsenorge.no/bo-i-utlandet/arbeidstaker-i-eu-eos-omradet/
Helfo;;nb;bo-i-utlandet;Arbeidstaker som arbeider utenfor EU/EØS for en norsk arbeidsgiver;2025-02-26;https://www.helsenorge.no/bo-i-utlandet/arbeidstaker-med-norsk-arbeidsgiver-utenfor-eu-eos/
Helfo;;nb;bo-i-utlandet;Arbeidstakar på skip;2026-02-26;https://www.helsenorge.no/bo-i-utlandet/arbeidstaker-pa-skip/
Helfo;;nb;bo-i-utlandet;Arbeidstaker, au pair, student eller pensjonist i et annet EU/EØS-land eller Sveits?;2024-03-11;https://www.helsenorge.no/bo-i-utlandet/arbeidstaker-student-eller-pensjonist-i-eu-eos-og-sveits/
Helfo;;nb;bo-i-utlandet;"Au pair utenfor EU/EØS
";2026-02-26;https://www.helsenorge.no/bo-i-utlandet/au-pair-utenfor-eu-eos/
Helfo;;nb;bo-i-utlandet;Hva dekker ordinær stønad ved opphold i utlandet?;2026-05-07;https://www.helsenorge.no/bo-i-utlandet/hva-dekker-ordinar-stonad-ved-opphold-i-utlandet/
Helfo;;nb;bo-i-utlandet;Hva dekker utvidet stønad ved opphold i utlandet?;2026-08-28;https://www.helsenorge.no/bo-i-utlandet/hva-dekker-utvidet-stonad-ved-opphold-i-utlandet/
Helfo;;nb;bo-i-utlandet;Pensjonister i EU/EØS og Sveits;2026-03-03;https://www.helsenorge.no/bo-i-utlandet/pensjonister-i-eu-eos-og-sveits/
Helfo;;nb;bo-i-utlandet;AFP-pensjonister i EU/EØS og Sveits;2026-02-26;https://www.helsenorge.no/bo-i-utlandet/pensjonister-i-eu-eos-og-sveits/afp-eu-eos-sveits/
Helfo;;nb;bo-i-utlandet;Pensjonister utenfor EU/EØS;2026-03-03;https://www.helsenorge.no/bo-i-utlandet/pensjonister-utenfor-eu-eos/
Helfo;;nb;bo-i-utlandet;"Pleie- og omsorgstjenester i EU/EØS
";2025-05-09;https://www.helsenorge.no/bo-i-utlandet/pleie-og-omsorgstjenester-i-eu-eos/
Helfo;;nb;bo-i-utlandet;Rettighetsdokument S1 for arbeidstakere og pensjonister;2026-09-07;https://www.helsenorge.no/bo-i-utlandet/rettighetsdokument-s1-for-arbeidstakere-og-pensjonister/
Helfo;;nb;bo-i-utlandet;"Selvstendig næringsdrivende i EU/EØS og Sveits
";2023-02-06;https://www.helsenorge.no/bo-i-utlandet/selvstendig-naringsdrivende-i-eu-eos-og-sveits/
Helfo;;nb;bo-i-utlandet;Selvstendig næringsdrivende utenfor EU/EØS;2024-01-18;https://www.helsenorge.no/bo-i-utlandet/selvstendig-naringsdrivende-utenfor-eu-eos/
Helfo;;nb;bo-i-utlandet;Studenter i EU/EØS og Sveits;2026-02-27;https://www.helsenorge.no/bo-i-utlandet/student-i-eu-eos-og-sveits/
Helfo;;nb;bo-i-utlandet;"Studenter utenfor EU/EØS
";2026-02-27;https://www.helsenorge.no/bo-i-utlandet/studenter-utenfor-eu-eos/
Helfo;;nb;bo-i-utlandet;Utsendte arbeidstakere i EU/EØS, Sveits og Storbritannia;2026-06-29;https://www.helsenorge.no/bo-i-utlandet/utsendte-arbeidstakere-i-eu-eos-og-sveits/
Helfo;;nb;bo-i-utlandet;Studenter og utsendte arbeidstakere i Québec;2024-11-08;https://www.helsenorge.no/bo-i-utlandet/utsendte-arbeidstakere-i-quebec/
Helfo;;nb;bytte-fastlege;Om bytte av fastlege;2025-08-12;https://www.helsenorge.no/bytte-fastlege/om/
Helfo;;nb;fastlegen;Rett til fastlege;2025-02-05;https://www.helsenorge.no/fastlegen/om/rett-til-fastlege/
Helfo;;nb;fullmakt;Fullmakt ved kontakt med Helfo;2022-07-07;https://www.helsenorge.no/fullmakt/bruke-helsenorge-pa-vegne-av-andre/fullmakt-ved-kontakt-med-helfo/
Helfo;;nb;fullmakt;Vergefullmakt ved kontakt med Helfo;2024-10-17;https://www.helsenorge.no/fullmakt/bruke-helsenorge-pa-vegne-av-andre/vergefullmakt-ved-kontakt-med-helfo/
Helfo;"nasjonalt-klageorgan-for-helsetenesta; norsk-pasientskadeerstatning-; statsforvalteren";nb;klage-og-erstatning;Klage og erstatning;2026-07-01;https://www.helsenorge.no/klage-og-erstatning/
Helfo;;nb;klage-og-erstatning;Din rett til å klage på vedtak frå Helfo;2023-10-02;https://www.helsenorge.no/klage-og-erstatning/din-rett-til-aa-klage-paa-vedtak-fra-helfo/
Helfo;;nb;klage-og-erstatning;Klagemuligheter etter tannbehandling;2024-02-02;https://www.helsenorge.no/klage-og-erstatning/klagemuligheter-etter-tannbehandling/
Helfo;"statsforvalteren; nasjonalt-klageorgan-for-helsetenesta; norsk-pasientskadeerstatning-";nb;klage-og-erstatning;Rett til å klage;2021-01-29;https://www.helsenorge.no/klage-og-erstatning/klageordninger/
Helfo;norsk-helsenett;nb;legemidler;Resepter;2026-01-01;https://www.helsenorge.no/legemidler/resepter/
Helfo;;nb;medisiner;"Individuell stønad til smertestillende legemidler ved langvarige smerter 
";2025-06-12;https://www.helsenorge.no/medisiner/individuell-stonad-til-smertestillende-legemidler-ved-langvarige-smerter/
Helfo;;nb;refusjon-og-stotteordninger;Reiseutgifter til ridefysioterapi, elektrolyse- og voksbehandling og enkelte kursopphald;2026-04-17;https://www.helsenorge.no/refusjon-og-stotteordninger/bidragsreiser/
Helfo;;nb;refusjon-og-stotteordninger;Dekning av utgifter til næringsmidler på blå resept;2026-03-03;https://www.helsenorge.no/refusjon-og-stotteordninger/dekning-av-utgifter-til-naeringsmidler/
Helfo;;nb;refusjon-og-stotteordninger;Refusjon av utgifter til elektrisk brystpumpe;2026-03-02;https://www.helsenorge.no/refusjon-og-stotteordninger/elektrisk-brystpumpe/
Helfo;;nb;refusjon-og-stotteordninger;Elektrolyse- og voksbehandling ved uønskt/sjenerande hårvekst;2026-03-03;https://www.helsenorge.no/refusjon-og-stotteordninger/elektrolyse-og-voksbehandling/
Helfo;;nb;refusjon-og-stotteordninger;Helfos bidragsordningar;2026-03-03;https://www.helsenorge.no/refusjon-og-stotteordninger/helfos-bidragsordninger/
Helfo;;nb;refusjon-og-stotteordninger;Helfos skjema og søknad om refusjon;2020-03-03;https://www.helsenorge.no/refusjon-og-stotteordninger/helfos-skjemaer/
Helfo;;nb;refusjon-og-stotteordninger;"Uttak av egg og sæd av medisinske årsaker 
";2025-04-09;https://www.helsenorge.no/refusjon-og-stotteordninger/hosting-av-sad-av-medisinske-arsaker/
Helfo;;nb;refusjon-og-stotteordninger;Kursopphald for blinde og svaksynte;2023-07-01;https://www.helsenorge.no/refusjon-og-stotteordninger/kursopphold-og-rehabilitering/Kursopphald-for-blinde-og-svaksynte/
Helfo;;nb;refusjon-og-stotteordninger;Kursopphald på Montebellosenteret for kreftpasientar og pårørande;2023-01-31;https://www.helsenorge.no/refusjon-og-stotteordninger/kursopphold-og-rehabilitering/Kursopphald-paa-Montebellosenteret-for-kreftpasientar-og-paarorande/
Helfo;;nb;refusjon-og-stotteordninger;"Behandling, trening eller kurs i utlandet for barn med funksjonsnedsetting
";2026-03-02;https://www.helsenorge.no/refusjon-og-stotteordninger/kursopphold-og-rehabilitering/behandling-trening-eller-kurs-i-utlandet-for-barn-med-funksjonsnedsettelse/
Helfo;;nb;refusjon-og-stotteordninger;Kursopphald ved Bæreia for krigsenker eller ektefellar av krigspensjonistar;2023-07-01;https://www.helsenorge.no/refusjon-og-stotteordninger/kursopphold-og-rehabilitering/krigsenker-eller-ektefeller-av-krigspensjonister/
Helfo;;nb;refusjon-og-stotteordninger;"Kursopphald i utlandet for barn med medfødde sjeldne tilstandar
";2026-03-02;https://www.helsenorge.no/refusjon-og-stotteordninger/kursopphold-og-rehabilitering/kursopphold-i-utlandet-for-barn-med-medfodte-sjeldne-tilstander/
Helfo;;nb;refusjon-og-stotteordninger;Madrass- og puteovertrekk - delvis dekning av utgifter;2026-03-02;https://www.helsenorge.no/refusjon-og-stotteordninger/madrass-og-puteovertrekk/
Helfo;;nb;refusjon-og-stotteordninger;Dekning av utgifter til medisinsk forbruksmateriell på blå resept;2026-02-25;https://www.helsenorge.no/refusjon-og-stotteordninger/refusjon-av-utgifter-til-medisinsk-forbruksmateriell-paa-blaa-resept/
Helfo;;nb;refusjon-og-stotteordninger;"Dekning av utgifter til legemidler som ikke kan skrives direkte på blå resept
";2026-03-03;https://www.helsenorge.no/refusjon-og-stotteordninger/refusjon-av-utlegg-til-legemidler-paa-blaa-resept/
Helfo;;nb;refusjon-og-stotteordninger;Dokumentasjon av et legemiddels effekt;2025-06-13;https://www.helsenorge.no/refusjon-og-stotteordninger/refusjon-av-utlegg-til-legemidler-paa-blaa-resept/dokumentasjon-av-et-legemiddels-effekt/
Helfo;;nb;refusjon-og-stotteordninger;Behandling og betaling hos ortoptist;2026-07-01;https://www.helsenorge.no/refusjon-og-stotteordninger/stonad-til-behandling-hos-ortoptist/
Helfo;;nb;refusjon-og-stotteordninger;Refusjon av utgifter til tandemsykkel;2026-03-02;https://www.helsenorge.no/refusjon-og-stotteordninger/tandemsykkel/
Helfo;;nb;refusjon-og-stotteordninger;Ridefysioterapi;2026-07-01;https://www.helsenorge.no/refusjon-og-stotteordninger/terapiridning/
Helfo;;nb;refusjon-og-stotteordninger;Lån av spesialvogn for barn med hoftelidingar;2026-08-17;https://www.helsenorge.no/refusjon-og-stotteordninger/tvillingvogn-og-spesialvogn/
Helfo;;nb;refusjon-og-stotteordninger;Støtte til legemidler ved infertilitetsbehandling;2026-03-23;https://www.helsenorge.no/refusjon-og-stotteordninger/ufrivillig-barnloshet-og-infertilitetsbehandling/
Helfo;;nb;rettigheter;Automatisert saksbehandling i Helfo;2024-03-01;https://www.helsenorge.no/rettigheter/automatisk-saksbehandling-i-helfo/
Helfo;;nb;rettigheter;Dine rettigheter ved fristbrudd;2026-05-01;https://www.helsenorge.no/rettigheter/dine-rettigheter-ved-fristbrudd/
Helfo;;nb;rettigheter;Helserettar for soldatar i førstegongsteneste;2024-04-26;https://www.helsenorge.no/rettigheter/helserettigheter-for-soldater-i-forstegangstjeneste/
Helfo;;nb;rettigheter;"Rett til dekning av utgifter til helsetjenester ved yrkesskade
";2026-06-29;https://www.helsenorge.no/rettigheter/rett-til-helsehjelp-ved-yrkesskade/
Helfo;;nb;sex-og-samliv;Støtte til prevensjon for deg som er under 22 år;2024-04-02;https://www.helsenorge.no/sex-og-samliv/prevensjon/bidragsordning-for-prevensjonsmidler/
Helfo;;nb;sjeldne-diagnoser;Stønad til tannbehandling ved sjeldne medisinske tilstandar;2025-10-07;https://www.helsenorge.no/sjeldne-diagnoser/stotte-til-tannbehandling/
Helfo;;nb;tannhelse;Tannregulering til barn og unge;2022-05-03;https://www.helsenorge.no/tannhelse/tannregulering-til-barn-og-unge/
Helfo;;nb;turist-i-utlandet;Europeisk helsetrygdkort;2026-09-16;https://www.helsenorge.no/turist-i-utlandet/europeisk-helsetrygdkort/
Helfo;;nb;turist-i-utlandet;Her kan du bruke Europeisk helsetrygdkort;2025-07-10;https://www.helsenorge.no/turist-i-utlandet/her-kan-du-bruke-europeisk-helsetrygdkort/
Helfo;;nb;turist-i-utlandet;Konvensjonsavtale Norge-Australia;2024-01-18;https://www.helsenorge.no/turist-i-utlandet/konvensjonsavtale-norge-australia/
Helfo;;nb;turist-i-utlandet;"Turister i EU/EØS og Sveits
";2026-02-27;https://www.helsenorge.no/turist-i-utlandet/turister-i-eu-eos-og-sveits/
Helfo;;nb;turist-i-utlandet;"Turister utenfor EU/EØS
";2024-04-18;https://www.helsenorge.no/turist-i-utlandet/turister-utenfor-eu-eos/
Helfo;;nb;utlendinger-i-norge;"Arbeidstaker fra EU/EØS eller Sveits som bor og jobber i Norge
";2026-02-26;https://www.helsenorge.no/utlendinger-i-norge/arbeidstaker-fra-eu-eos-eller-sveits-som-bor-og-jobber-i-norge/
Helfo;;nb;utlendinger-i-norge;"Arbeidstaker fra EU/EØS eller Sveits som jobber i Norge, men ikke bor her
";2026-02-26;https://www.helsenorge.no/utlendinger-i-norge/arbeidstaker-fra-eu-eos-eller-sveits-som-jobber-i-norge-men-ikke-bor-her/
Helfo;;nb;utlendinger-i-norge;Arbeidstakere fra land utenfor EU/EØS;2023-01-12;https://www.helsenorge.no/utlendinger-i-norge/arbeidstakere-fra-land-utenfor-eu-eos/
Helfo;;nb;utlendinger-i-norge;"Au pair fra land utenfor EU/EØS eller Sveits
";2024-03-21;https://www.helsenorge.no/utlendinger-i-norge/au-pair-fra-land-utenfor-eu-eos-eller-sveits/
Helfo;;nb;utlendinger-i-norge;EØS-borgere som ønsker planlagt helsehjelp i Norge;2025-02-03;https://www.helsenorge.no/utlendinger-i-norge/eos-borgere-som-onsker-helsehjelp-i-norge/
Helfo;;nb;utlendinger-i-norge;Grensearbeider i EU/EØS-land;2024-03-26;https://www.helsenorge.no/utlendinger-i-norge/grensearbeider/
Helfo;;nb;utlendinger-i-norge;Helserettigheter for pensjonister som flytter til Norge;2024-06-12;https://www.helsenorge.no/utlendinger-i-norge/helserettigheter-for-pensjonister-som-flytter-til-norge/
Helfo;;nb;utlendinger-i-norge;"Studenter fra EU/EØS-land eller Sveits som studerer i Norge
";2025-03-25;https://www.helsenorge.no/utlendinger-i-norge/studenter-fra-eu-eos-land-eller-sveits-som-studerer-i-norge/
Helfo;;nb;utlendinger-i-norge;Studenter fra land utenfor EU/EØS eller Sveits som studerer i Norge;2024-03-26;https://www.helsenorge.no/utlendinger-i-norge/studenter-fra-land-utenfor-eu-eos-som-studerer-i-norge/
Helfo;;nb;utlendinger-i-norge;Turister fra EU/EØS, Sveits eller Storbritannia på ferie i Norge;2025-06-03;https://www.helsenorge.no/utlendinger-i-norge/turister-fra-eu-eos-eller-sveits-paa-ferie-i-norge/
Helfo;;nb;utlendinger-i-norge;Turister fra land utenfor EU/EØS;2024-11-08;https://www.helsenorge.no/utlendinger-i-norge/turister-fra-land-utenfor-eu-eos/
Helfo;;nb;utlendinger-i-norge;Utsendt arbeidstaker i Norge fra land innenfor EU/EØS eller Sveits ;2025-03-25;https://www.helsenorge.no/utlendinger-i-norge/utsendt-arbeidstaker-i-norge-fra-land-innenfor-eu-eos-eller-sveits/
Helfo;;se;behandling-i-utlandet;Vuoigatvuohta dikšumii olgoriikkain ;;https://www.helsenorge.no/se/behandling-i-utlandet/rett-til-behandling-i-utlandet/
Helfo;;se;betaling-for-helsetjenester;Iežasoassi ja pasieantamáksu buohcceviesuin ja poliklinihkain;;https://www.helsenorge.no/se/betaling-for-helsetjenester/egenandeler-og-pasientbetaling-pa-sykehus-og-poliklinikk/
Helfo;;nn;bytte-fastlege;Om bytte av fastlege;2025-08-12;https://www.helsenorge.no/nn/bytte-fastlege/om/
Helfo;;se;bytte-fastlege;Fástadoaktára lonuheami birra;;https://www.helsenorge.no/se/bytte-fastlege/om/
Helfo;;en;change-doctor-gp;Changing your regular doctor in Norway;;https://www.helsenorge.no/en/change-doctor-gp/about/
Helfo;;en;foreigners-in-norway;"Au pairs from countries outside the EU/EEA and Switzerland
";;https://www.helsenorge.no/en/foreigners-in-norway/au-pairs-from-countries-outside-the-eu-eea-and-switzerland/
Helfo;;en;foreigners-in-norway;Cross-border workers in EU/EEA countries;;https://www.helsenorge.no/en/foreigners-in-norway/cross-border-workers-in-eu-eea-countries/
Helfo;;en;foreigners-in-norway;EEA citizens seeking to receive planned healthcare in Norway;;https://www.helsenorge.no/en/foreigners-in-norway/eea-citizens-seeking-to-receive-healthcare-in-norway/
Helfo;;en;foreigners-in-norway;Employee from a country outside the EU/EEA;;https://www.helsenorge.no/en/foreigners-in-norway/employee-from-a-country-outside-the-eu-eea/
Helfo;;en;foreigners-in-norway;"Employees from the EU/EEA or Switzerland who live and work in Norway
";;https://www.helsenorge.no/en/foreigners-in-norway/employees-from-the-eu-eea-or-switzerland-who-live-and-work-in-norway/
Helfo;;en;foreigners-in-norway;"Employees from the EU/EEA or Switzerland who work in Norway but do not live here
";;https://www.helsenorge.no/en/foreigners-in-norway/employees-from-the-eu-eea-or-switzerland-who-work-in-norway-but-do-not-live-here/
Helfo;;en;foreigners-in-norway;Healthcare rights of pensioners moving to Norway;;https://www.helsenorge.no/en/foreigners-in-norway/healthcare-rights-of-pensioners-moving-to-norway/
Helfo;;en;foreigners-in-norway;"Posted workers from countries in the EU/EEA or Switzerland in Norway
";;https://www.helsenorge.no/en/foreigners-in-norway/posted-workers-from-countries-in-the-eu-eea-or-switzerland-in-norway/
Helfo;;en;foreigners-in-norway;Students from countries outside the EU/EEA or Switzerland studying in Norway;;https://www.helsenorge.no/en/foreigners-in-norway/students-from-countries-outside-the-eu-eea-or-switzerland-studying-in-norway/
Helfo;;en;foreigners-in-norway;"Students from the EU/EEA or Switzerland studying in Norway
";;https://www.helsenorge.no/en/foreigners-in-norway/students-from-the-eu-eea-or-switzerland/
Helfo;;en;foreigners-in-norway;Tourists from countries outside the EU/EEA and Switzerland on holiday in Norway;;https://www.helsenorge.no/en/foreigners-in-norway/tourists-from-countries-outside-the-eu-eea-and-switzerland/
Helfo;;en;foreigners-in-norway;"Tourists from the EU/EEA or Switzerland on holiday in Norway
";;https://www.helsenorge.no/en/foreigners-in-norway/tourists-from-the-eu-eea-or-switzerland-on-holiday-in-norway/
Helfo;;en;gp;The right to a doctor in Norway;;https://www.helsenorge.no/en/gp/about-gp/the-right-to-a-doctor/
Helfo;;en;health-rights-in-norway;Your rights in case of exceeded waiting time;;https://www.helsenorge.no/en/health-rights-in-norway/Your-rights-in-case-of-exceeded-waiting-time/
Helfo;;en;health-rights-in-norway;Occupational injury in Norway: Right to coverage of expenses for healthcare services;;https://www.helsenorge.no/en/health-rights-in-norway/right-to-coverage-occupational-injury/
Helfo;;en;health-rights-living-abroad;Certificate S1 for employees, posted workers and pensioners;;https://www.helsenorge.no/en/health-rights-living-abroad/Certificate-S1-for-employees-posted-workers-and-pensioners/
Helfo;;en;health-rights-living-abroad;Employee in another EU/EEA country, Switzerland, or the United Kingdom;;https://www.helsenorge.no/en/health-rights-living-abroad/employee-in-the-eueea-area/
Helfo;;en;health-rights-living-abroad;Employee working outside the EU/EEA for a Norwegian employer;;https://www.helsenorge.no/en/health-rights-living-abroad/employee-with-norwegian-employer-outside-eu-eea/
Helfo;;en;health-rights-living-abroad;"Employees on ships
";;https://www.helsenorge.no/en/health-rights-living-abroad/employees-on-ships/
Helfo;;en;health-rights-living-abroad;"Pensioners in the EU/EEA and Switzerland
";;https://www.helsenorge.no/en/health-rights-living-abroad/pensioners-in-the-eu-eea-and-switzerland/
Helfo;;en;health-rights-living-abroad;Pensioners with a contractual (AFP) pension in the EU/EEA and Switzerland;;https://www.helsenorge.no/en/health-rights-living-abroad/pensioners-in-the-eu-eea-and-switzerland/pensioners-with-a-contractual-afp-pension-in-the-eueea-and-switzerland/
Helfo;;en;health-rights-living-abroad;"Pensioners outside the EU/EEA
";;https://www.helsenorge.no/en/health-rights-living-abroad/pensioners-outside-the-eu-eea/
Helfo;;en;health-rights-living-abroad;"Posted workers in the EU/EEA and Switzerland
";;https://www.helsenorge.no/en/health-rights-living-abroad/posted-workers-in-the-eu-eea-and-switzerland/
Helfo;;en;health-rights-living-abroad;Students and posted workers in Québec;;https://www.helsenorge.no/en/health-rights-living-abroad/students-and-posted-workers-in-quebec/
Helfo;;en;health-rights-living-abroad;"Students in the EU/EEA and Switzerland
";;https://www.helsenorge.no/en/health-rights-living-abroad/students-in-the-eu-eea-and-switzerland/
Helfo;;en;health-rights-living-abroad;"Students outside the EU/EEA
";;https://www.helsenorge.no/en/health-rights-living-abroad/students-outside-the-eu-eea/
Helfo;;en;health-rights-living-abroad;What does extended subsidisation cover during residence abroad?;;https://www.helsenorge.no/en/health-rights-living-abroad/what-does-extended-subsidisation-cover-during-residence-abroad/
Helfo;;en;health-rights-living-abroad;What does ordinary subsidisation cover during residence abroad?;;https://www.helsenorge.no/en/health-rights-living-abroad/what-does-ordinary-subsidisation-cover-during-residence-abroad/
Helfo;;en;health-rights-living-abroad;Worker, employee, au pair, student or pensioner in another EU/EEA country or Switzerland?;;https://www.helsenorge.no/en/health-rights-living-abroad/worker-employee-aupair-student-or-pensioner-in-eu-eea-switzerland/
Helfo;;en;health-rights-tourist-abroad;European Health Insurance Card;;https://www.helsenorge.no/en/health-rights-tourist-abroad/the-european-health-insurance-card/
Helfo;;en;health-rights-tourist-abroad;"Tourists in the EU/EEA and Switzerland
";;https://www.helsenorge.no/en/health-rights-tourist-abroad/tourists-in-the-eu-eea-and-switzerland/
Helfo;;en;health-rights-tourist-abroad;"Tourists outside the EU/EEA
";;https://www.helsenorge.no/en/health-rights-tourist-abroad/tourists-outside-the-eu-eea/
Helfo;;en;healthcare-providers;Contract specialists in Norway;;https://www.helsenorge.no/en/healthcare-providers/contract-specialists/
Helfo;"nasjonalt-klageorgan-for-helsetenesta; norsk-pasientskadeerstatning-; statsforvalteren";en;klage-og-erstatning;Complaints and compensation claims ;;https://www.helsenorge.no/en/klage-og-erstatning/
Helfo;"statsforvalteren; nasjonalt-klageorgan-for-helsetenesta; norsk-pasientskadeerstatning-";en;klage-og-erstatning;Right to complain as a patient in Norway;;https://www.helsenorge.no/en/klage-og-erstatning/right-to-complain/
Helfo;"statsforvalteren; nasjonalt-klageorgan-for-helsetenesta; norsk-pasientskadeerstatning-";se;klage-og-erstatning;Rett til å klage;;https://www.helsenorge.no/se/klage-og-erstatning/rett-til-a-klage/
Helfo;norsk-helsenett;en;medicines;Prescriptions;;https://www.helsenorge.no/en/medicines/prescriptions/
Helfo;;en;payment-for-health-services;Exemption card for public health services;;https://www.helsenorge.no/en/payment-for-health-services/exemption-card-for-public-health-services/
Helfo;;en;payment-for-health-services;User fees and patient fees at hospitals and outpatient clinics;;https://www.helsenorge.no/en/payment-for-health-services/user-fees-at-hospitals-and-outpatient-clinics/
Helfo;;en;payment-for-health-services;User fees at the family doctor in Norway;;https://www.helsenorge.no/en/payment-for-health-services/user-fees-at-the-family-doctor/
Helfo;;en;payment-for-health-services;User fees for laboratories and X-ray institutions in Norway;;https://www.helsenorge.no/en/payment-for-health-services/user-fees-for-laboratories-and-X-ray-institutions/
Helfo;;en;payment-for-health-services;User fees for physiotherapy in Norway;;https://www.helsenorge.no/en/payment-for-health-services/user-fees-for-physiotherapy/
Helfo;;en;payment-for-health-services;User fees for psychologist in Norway;;https://www.helsenorge.no/en/payment-for-health-services/user-fees-for-treatment-by-a-psychologist/
Helfo;;en;payment-for-health-services;Who pays your dental bill?;;https://www.helsenorge.no/en/payment-for-health-services/who-pays-your-dental-bill/
Helfo;;en;power-of-attorney;Power of attorney for contact with Helfo;;https://www.helsenorge.no/en/power-of-attorney/using-helsenorge-on-behalf-of-others/power-of-attorney-for-contact-with-helfo/
Helfo;;en;refusjon-og-stotteordninger;Egg and sperm retrieval for medical reasons;;https://www.helsenorge.no/en/refusjon-og-stotteordninger/egg-and-sperm-retrieval-for-medical-reasons/
Helfo;;en;refusjon-og-stotteordninger;Reimbursement of expenses for infertility drugs;;https://www.helsenorge.no/en/refusjon-og-stotteordninger/involuntary-childlessness-and-assisted-reproduction/
Helfo;;en;refusjon-og-stotteordninger;Course stays abroad for children with rare congenital conditions;;https://www.helsenorge.no/en/refusjon-og-stotteordninger/kursopphold-og-rehabilitering/course-stays-abroad-for-children-with-rare-congenital-conditions/
Helfo;;en;refusjon-og-stotteordninger;Treatment, training and courses abroad for children with disabilities;;https://www.helsenorge.no/en/refusjon-og-stotteordninger/kursopphold-og-rehabilitering/treatment-training-and-courses-abroad-for-children-with-disabilities/
Helfo;;nn;rettigheter;Rettane dine ved fristbrot;2026-02-16;https://www.helsenorge.no/nn/rettigheter/rettar-fristbrot/
Helfo;;se;rettigheter;Du vuoigatvuođat áigemeari rihkkuma oktavuođas ;;https://www.helsenorge.no/se/rettigheter/dine-rettigheter-ved-fristbrudd/
Helfo;;en;sex-og-samliv;Contraception support for 16-22-year-olds in Norway;;https://www.helsenorge.no/en/sex-og-samliv/contraception/contraception-support-for-young-people/
Helfo;;en;tannhelse;Coverage for braces for children and young adults;;https://www.helsenorge.no/en/tannhelse/tannregulering-til-barn-og-unge/
Helfo;;en;treatment-abroad;Infertility treatment in the EU/EEA;;https://www.helsenorge.no/en/treatment-abroad/assisted-reproductive-treatment-in-the-eu-eea/
Helfo;;en;treatment-abroad;Infertility treatment outside the EU/EEA;;https://www.helsenorge.no/en/treatment-abroad/assisted-reproductive-treatment-outside-the-eueea/
Helfo;;en;treatment-abroad;Childbirth in the EU EEA and Switzerland;;https://www.helsenorge.no/en/treatment-abroad/childbirth-in-the-eu-eea-and-switzerland/
Helfo;;en;treatment-abroad;Childbirth outside the EU/EEA;;https://www.helsenorge.no/en/treatment-abroad/childbirth-outside-the-eu-eea/
Helfo;;en;treatment-abroad;"Dental treatment in the EU/EEA
";;https://www.helsenorge.no/en/treatment-abroad/dental-treatment-in-the-eu-eea/
Helfo;;en;treatment-abroad;Dialysis treatment abroad;;https://www.helsenorge.no/en/treatment-abroad/dialysis-treatment-abroad/
Helfo;;en;treatment-abroad;Hospital treatment and other specialised health services in EU/EEA countries;;https://www.helsenorge.no/en/treatment-abroad/hospital-treatment-and-other-specialist-health-services-in-eea-countries/
Helfo;;en;treatment-abroad;"Medical assistance in the EU/EEA
";;https://www.helsenorge.no/en/treatment-abroad/medical-assistance-in-the-eu-eea/
Helfo;;en;treatment-abroad;Norwegian National Contact Point for healthcare;;https://www.helsenorge.no/en/treatment-abroad/norwegian-national-contact-point-for-healthcare/
Helfo;;en;treatment-abroad;Occupational injury/illness and temporary stays in the EU/EEA, Switzerland or the United Kingdom;;https://www.helsenorge.no/en/treatment-abroad/occupational-injuryillness-and-temporary-stays-in-the-eueea-or-switzerland/
Helfo;;en;treatment-abroad;Overview of reimbursable healthcare in other EU/EEA countries;;https://www.helsenorge.no/en/treatment-abroad/overview-of-reimbursable-healthcare/
Helfo;;en;treatment-abroad;Persons entitled to planned treatment in the EU/EEA;;https://www.helsenorge.no/en/treatment-abroad/persons-entitled-to-planned-treatment-in-the-eueea/
Helfo;;en;treatment-abroad;Physiotherapy in the EU/EEA;;https://www.helsenorge.no/en/treatment-abroad/physiotherapy-in-the-eueea/
Helfo;;en;treatment-abroad;Psychological help in the EU/EEA;;https://www.helsenorge.no/en/treatment-abroad/psykologhjelp-i-eueos/
Helfo;;en;treatment-abroad;Purchase of food products for medical purposes in the EU/EEA;;https://www.helsenorge.no/en/treatment-abroad/purchase-of-food-products-for-medical-purposes-in-the-eueea/
Helfo;;en;treatment-abroad;Purchases of medicines in the EU/EEA;;https://www.helsenorge.no/en/treatment-abroad/purchases-of-medicines-in-the-eueea/
Helfo;;en;treatment-abroad;Purchasing fertility drugs in the EU/EEA;;https://www.helsenorge.no/en/treatment-abroad/purchasing-fertility-drugs-in-the-eueea/
Helfo;;en;treatment-abroad;Right to healthcare in the United Kingdom ;;https://www.helsenorge.no/en/treatment-abroad/right-to-healthcare-in-the-united-kingdom/
Helfo;;en;treatment-abroad;Right to treatment abroad;;https://www.helsenorge.no/en/treatment-abroad/right-to-treatment-abroad/
Helfo;;en;treatment-abroad;Specific rules concerning subsidies for healthcare services in certain EU/EEA countries;;https://www.helsenorge.no/en/treatment-abroad/specific-rules-concerning-subsidies-for-healthcare-services-in-certain-eueea-countries/
Helfo;;en;treatment-abroad;The EU/EEA countries;;https://www.helsenorge.no/en/treatment-abroad/the-eu-eea-countries/
Helfo;;en;treatment-abroad;Treatment within the EU/EEA, Switzerland or the United Kingdom in the event of medically unjustifiable waiting times in Norway;;https://www.helsenorge.no/en/treatment-abroad/treatment-within-the-eueea-in-the-event-of-medically-unacceptable-long-waiting-times-in-norway/
Helfo;;en;treatment-abroad;Treatment within the specialised health service abroad;;https://www.helsenorge.no/en/treatment-abroad/treatment-within-the-specialist-health-service-abroad/
Helsedirektoratet;;nb;alkohol;Alkohol og helse;2025-05-07;https://www.helsenorge.no/alkohol/alkohol-og-helse/
Helsedirektoratet;;nb;alkohol;Dette skjer i kroppen når du drikker alkohol;2025-05-07;https://www.helsenorge.no/alkohol/alkoholens-virkning-pa-kroppen/
Helsedirektoratet;;nb;alkohol;Drikker jeg for mye alkohol?;2025-05-07;https://www.helsenorge.no/alkohol/for-mye-alkohol/
Helsedirektoratet;;nb;alkohol;Kalorier i øl, vin og brennevin;2025-05-07;https://www.helsenorge.no/alkohol/kalorier-i-ol-vin-brennevin/
Helsedirektoratet;;nb;barn;Informasjon om barn fra 0 til 2 år;2026-05-29;https://www.helsenorge.no/barn/0-2-ar/
Helsedirektoratet;;nb;barn;Omsorgen for det nyfødte barnet og kjennetegn på trivsel;2023-02-15;https://www.helsenorge.no/barn/omsorgen-for-det-nyfodte-barnet/
Helsedirektoratet;;nb;barn;Søvn hos barn 0-2 år;2025-08-21;https://www.helsenorge.no/barn/sovn-hos-barn/
Helsedirektoratet;;nb;barn;Ammestillinger;2023-01-01;https://www.helsenorge.no/barn/spedbarnsmat-og-amming/alt-om-spedbarnsmat/amming/ammestillinger/
Helsedirektoratet;;nb;barn;Ammeteknikk;2023-01-01;https://www.helsenorge.no/barn/spedbarnsmat-og-amming/alt-om-spedbarnsmat/amming/ammeteknikk/
Helsedirektoratet;;nb;barn;Ammeutfordringer;2023-01-01;https://www.helsenorge.no/barn/spedbarnsmat-og-amming/alt-om-spedbarnsmat/amming/ammeutfordringer/
Helsedirektoratet;;nb;barn;Amming de første dagene etter fødsel;2023-01-01;https://www.helsenorge.no/barn/spedbarnsmat-og-amming/alt-om-spedbarnsmat/amming/amming-etter-fodsel/
Helsedirektoratet;;nb;barn;Delamming;2023-01-01;https://www.helsenorge.no/barn/spedbarnsmat-og-amming/alt-om-spedbarnsmat/amming/delamming/
Helsedirektoratet;;nb;barn;Håndmelking og pumping;2023-01-01;https://www.helsenorge.no/barn/spedbarnsmat-og-amming/alt-om-spedbarnsmat/amming/handmelking-og-pumping/
Helsedirektoratet;;nb;barn;Hvorfor amme og hvor lenge?;2023-01-01;https://www.helsenorge.no/barn/spedbarnsmat-og-amming/alt-om-spedbarnsmat/amming/hvorfor-amme-og-hvor-lenge/
Helsedirektoratet;;nb;barn;Mat og drikke når du ammer;2023-01-01;https://www.helsenorge.no/barn/spedbarnsmat-og-amming/alt-om-spedbarnsmat/amming/mat-og-drikke/
Helsedirektoratet;;nb;barn;Melkeproduksjon;2023-01-01;https://www.helsenorge.no/barn/spedbarnsmat-og-amming/alt-om-spedbarnsmat/amming/melkeproduksjon/
Helsedirektoratet;;nb;barn;Får barnet nok morsmelk?;2023-01-01;https://www.helsenorge.no/barn/spedbarnsmat-og-amming/alt-om-spedbarnsmat/amming/nok-morsmelk/
Helsedirektoratet;;nb;barn;Oppbevaring av morsmelk;2023-01-01;https://www.helsenorge.no/barn/spedbarnsmat-og-amming/alt-om-spedbarnsmat/amming/oppbevare-morsmelk/
Helsedirektoratet;;nb;barn;Mat og drikke første leveår;2024-12-10;https://www.helsenorge.no/barn/spedbarnsmat-og-amming/alt-om-spedbarnsmat/fast-fode/forste-ar/
Helsedirektoratet;;nb;barn;Få nok jern og C-vitamin i maten;2023-01-01;https://www.helsenorge.no/barn/spedbarnsmat-og-amming/alt-om-spedbarnsmat/fast-fode/jern-og-c-vitamin/
Helsedirektoratet;;nb;barn;Starte med fast føde;2023-01-01;https://www.helsenorge.no/barn/spedbarnsmat-og-amming/alt-om-spedbarnsmat/fast-fode/starte-med-fast-fode/
Helsedirektoratet;;nb;barn;Hvordan mate barnet med flaske, kopp eller hjelpebryst;2023-01-01;https://www.helsenorge.no/barn/spedbarnsmat-og-amming/alt-om-spedbarnsmat/mate-barnet/
Helsedirektoratet;;nb;barn;Tilberede og oppbevare morsmelkerstatning;2023-01-01;https://www.helsenorge.no/barn/spedbarnsmat-og-amming/alt-om-spedbarnsmat/morsmelkerstatning-video/tilberede-og-oppbevare/
Helsedirektoratet;;nb;barn;Rengjøring av flasker;2023-01-01;https://www.helsenorge.no/barn/spedbarnsmat-og-amming/alt-om-spedbarnsmat/rengjore-utstyr/
Helsedirektoratet;;nb;barn;Spedbarnsbæsj - hva er normalt?;2023-01-01;https://www.helsenorge.no/barn/spedbarnsmat-og-amming/alt-om-spedbarnsmat/spedbarnsbaesj/
Helsedirektoratet;;nb;barn;Vitamintilskudd;2024-12-10;https://www.helsenorge.no/barn/spedbarnsmat-og-amming/alt-om-spedbarnsmat/vitamintilskudd/
Helsedirektoratet;;nb;barn;Amming og morsmelk;2024-04-17;https://www.helsenorge.no/barn/spedbarnsmat-og-amming/amming-og-morsmelk/
Helsedirektoratet;;nb;barn;Starte med fast føde og mat til babyen;2022-06-16;https://www.helsenorge.no/barn/spedbarnsmat-og-amming/fast-fode-til-babyen/
Helsedirektoratet;;nb;barn;Morsmelkerstatning;2022-06-14;https://www.helsenorge.no/barn/spedbarnsmat-og-amming/morsmelkerstatning/
Helsedirektoratet;;nb;barn;Såre brystknopper når du ammer;2025-07-28;https://www.helsenorge.no/barn/spedbarnsmat-og-amming/saare-brystknopper/
Helsedirektoratet;;nb;barn;Språkutvikling hos barn;2025-02-11;https://www.helsenorge.no/barn/sprakutvikling-hos-barn/
Helsedirektoratet;;nb;behandlere;Kva er fysioterapi?;2022-06-13;https://www.helsenorge.no/behandlere/fysioterapeut/
Helsedirektoratet;;nb;bli-blodgiver;Vil du bli blodgiver?;2026-04-15;https://www.helsenorge.no/bli-blodgiver/
Helsedirektoratet;;nb;doden;Uhelbredelig sykdom - råd til pårørende;2023-04-28;https://www.helsenorge.no/doden/a-vare-parorende-til-en-som-er-uhelbredelig-syk/
Helsedirektoratet;;nb;doden;Livsforlengende og lindrende behandling;2023-04-28;https://www.helsenorge.no/doden/lindrende-behandling-og-omsorg/
Helsedirektoratet;;nb;doden;Å miste et barn;2023-12-20;https://www.helsenorge.no/doden/nar-et-barn-dor/
Helsedirektoratet;;nb;donorkort;Organdonasjon reddar liv ;2025-04-09;https://www.helsenorge.no/donorkort/organdonasjon/
Helsedirektoratet;;nb;etter-fodsel;Nyfødtscreening og undersøkelser av nyfødte;2025-04-29;https://www.helsenorge.no/etter-fodsel/helseundersokelser-av-nyfodte/
Helsedirektoratet;;nb;etter-fodsel;"Kroppen og den første tiden etter fødsel
";2023-01-16;https://www.helsenorge.no/etter-fodsel/kroppen-og-den-forste-tiden-etter-fodsel/
Helsedirektoratet;;nb;etter-fodsel;Barsel og oppfølging etter fødsel;2023-01-13;https://www.helsenorge.no/etter-fodsel/oppfolging-etter-hjemkomst/
Helsedirektoratet;;nb;etter-fodsel;Sex etter fødsel;2023-01-30;https://www.helsenorge.no/etter-fodsel/sex-etter-fodsel/
Helsedirektoratet;;nb;fastlegen;Forbered deg til time hos fastlegen;2024-03-13;https://www.helsenorge.no/fastlegen/om/forbered-deg-til-timen/
Helsedirektoratet;;nb;fil;Tagapagkahulugan sa serbisyo ng kalusugan;;https://www.helsenorge.no/fil/rettigheter/tolk/
Helsedirektoratet;;nb;fodsel;Fødeplass og fødetilbud - slik velger du;2023-01-30;https://www.helsenorge.no/fodsel/fodested/
Helsedirektoratet;;nb;fodsel;Heimefødsel;2023-01-06;https://www.helsenorge.no/fodsel/hjemmefodsel/
Helsedirektoratet;;nb;fodsel;Epidural og smertelindring under fødselen;2025-08-14;https://www.helsenorge.no/fodsel/smertelindring-under-fodsel/
Helsedirektoratet;;nb;forstehjelp;Forstua ankel;2026-08-17;https://www.helsenorge.no/forstehjelp/behandling-av-skader/forstuet-ankel/
Helsedirektoratet;folkehelseinstituttet;nb;forstehjelp;Heteslag ;2025-06-20;https://www.helsenorge.no/forstehjelp/behandling-av-skader/heteslag-og-rad-ved-hetebolger/
Helsedirektoratet;;nb;forstehjelp;Skade på fremre korsbånd;2026-08-17;https://www.helsenorge.no/forstehjelp/behandling-av-skader/korsbandskade/
Helsedirektoratet;;nb;forstehjelp;Nakkesleng (whiplash);2026-08-18;https://www.helsenorge.no/forstehjelp/behandling-av-skader/nakkesleng-whiplash/
Helsedirektoratet;;nb;forstehjelp;Jodtablettar ved atomulykker;2022-03-04;https://www.helsenorge.no/forstehjelp/jodtabletter-ved-atomulykker/
Helsedirektoratet;;nb;forstehjelp;Ring 113 for akutt helsehjelp;2022-12-19;https://www.helsenorge.no/forstehjelp/ring-113/
Helsedirektoratet;;nb;forstehjelp;Sikkerhet for nyfødte og små barn;2025-05-23;https://www.helsenorge.no/forstehjelp/sikkerhet-for-sma-barn/
Helsedirektoratet;folkehelseinstituttet;nb;gravid;Slektskap mellom foreldre;2026-06-09;https://www.helsenorge.no/gravid/barn-nar-foreldrene-er-i-slekt/
Helsedirektoratet;;nb;gravid;Graviditet og alkohol;2023-01-06;https://www.helsenorge.no/gravid/gravid-og-alkohol/
Helsedirektoratet;tegntv;nb;gravid;Informasjon om graviditet på tegnspråk;2025-01-31;https://www.helsenorge.no/gravid/gravid-tegnsprak/
Helsedirektoratet;;nb;gravid;Gravid uke 12;2025-11-19;https://www.helsenorge.no/gravid/gravid-uke-for-uke/gravid-uke-12/
Helsedirektoratet;;nb;gravid;Gravid uke 26;2025-11-19;https://www.helsenorge.no/gravid/gravid-uke-for-uke/gravid-uke-26/
Helsedirektoratet;;nb;gravid;Gravid uke 30;2025-11-19;https://www.helsenorge.no/gravid/gravid-uke-for-uke/gravid-uke-30/
Helsedirektoratet;;nb;gravid;Gravid uke 1 til 3;2025-12-01;https://www.helsenorge.no/gravid/gravid-uke-for-uke/uke-1-til-3/
Helsedirektoratet;;nb;gravid;Gravid uke 10;2025-11-19;https://www.helsenorge.no/gravid/gravid-uke-for-uke/uke-10/
Helsedirektoratet;;nb;gravid;Gravid uke 11;2025-11-19;https://www.helsenorge.no/gravid/gravid-uke-for-uke/uke-11/
Helsedirektoratet;;nb;gravid;Gravid uke 13, 14, 15, 16 og 17;2025-05-09;https://www.helsenorge.no/gravid/gravid-uke-for-uke/uke-13/
Helsedirektoratet;;nb;gravid;Gravid uke 14;2025-11-19;https://www.helsenorge.no/gravid/gravid-uke-for-uke/uke-14/
Helsedirektoratet;;nb;gravid;Gravid uke 15;2025-05-09;https://www.helsenorge.no/gravid/gravid-uke-for-uke/uke-15/
Helsedirektoratet;;nb;gravid;Gravid uke 16;2025-11-19;https://www.helsenorge.no/gravid/gravid-uke-for-uke/uke-16/
Helsedirektoratet;;nb;gravid;Gravid uke 17;2025-11-19;https://www.helsenorge.no/gravid/gravid-uke-for-uke/uke-17/
Helsedirektoratet;;nb;gravid;Gravid uke 18;2025-05-08;https://www.helsenorge.no/gravid/gravid-uke-for-uke/uke-18/
Helsedirektoratet;;nb;gravid;Gravid uke 19;2025-11-19;https://www.helsenorge.no/gravid/gravid-uke-for-uke/uke-19/
Helsedirektoratet;;nb;gravid;Gravid uke 20;2025-11-19;https://www.helsenorge.no/gravid/gravid-uke-for-uke/uke-20/
Helsedirektoratet;;nb;gravid;Gravid uke 21 til 23;2025-05-08;https://www.helsenorge.no/gravid/gravid-uke-for-uke/uke-21/
Helsedirektoratet;;nb;gravid;Gravid uke 22;2025-11-19;https://www.helsenorge.no/gravid/gravid-uke-for-uke/uke-22/
Helsedirektoratet;;nb;gravid;Gravid uke 23;2025-11-19;https://www.helsenorge.no/gravid/gravid-uke-for-uke/uke-23/
Helsedirektoratet;;nb;gravid;Gravid uke 24 til 26;2025-05-08;https://www.helsenorge.no/gravid/gravid-uke-for-uke/uke-24/
Helsedirektoratet;;nb;gravid;Gravid uke 25;2025-11-19;https://www.helsenorge.no/gravid/gravid-uke-for-uke/uke-25/
Helsedirektoratet;;nb;gravid;Gravid uke 27 og 28;2025-05-08;https://www.helsenorge.no/gravid/gravid-uke-for-uke/uke-27/
Helsedirektoratet;;nb;gravid;Gravid uke 28;2025-11-19;https://www.helsenorge.no/gravid/gravid-uke-for-uke/uke-28/
Helsedirektoratet;;nb;gravid;Gravid uke 29, 30, 31, 32, 33, 34 og 35;2025-05-08;https://www.helsenorge.no/gravid/gravid-uke-for-uke/uke-29/
Helsedirektoratet;;nb;gravid;Gravid uke 31;2025-11-19;https://www.helsenorge.no/gravid/gravid-uke-for-uke/uke-31/
Helsedirektoratet;;nb;gravid;Gravid uke 32;2025-11-19;https://www.helsenorge.no/gravid/gravid-uke-for-uke/uke-32/
Helsedirektoratet;;nb;gravid;Gravid uke 29, 30, 31, 32, 33, 34 og 35;2025-05-08;https://www.helsenorge.no/gravid/gravid-uke-for-uke/uke-33/
Helsedirektoratet;;nb;gravid;Gravid uke 34;2025-11-19;https://www.helsenorge.no/gravid/gravid-uke-for-uke/uke-34/
Helsedirektoratet;;nb;gravid;Gravid uke 35;2025-11-19;https://www.helsenorge.no/gravid/gravid-uke-for-uke/uke-35/
Helsedirektoratet;;nb;gravid;Gravid uke 36 til 38;2025-05-08;https://www.helsenorge.no/gravid/gravid-uke-for-uke/uke-36/
Helsedirektoratet;;nb;gravid;Gravid uke 39 til 42;2025-12-01;https://www.helsenorge.no/gravid/gravid-uke-for-uke/uke-37-til-42/
Helsedirektoratet;;nb;gravid;Gravid uke 4 og 5;2025-12-01;https://www.helsenorge.no/gravid/gravid-uke-for-uke/uke-4-og-5/
Helsedirektoratet;;nb;gravid;Gravid uke 6;2025-05-08;https://www.helsenorge.no/gravid/gravid-uke-for-uke/uke-6/
Helsedirektoratet;;nb;gravid;Gravid uke 7;2025-11-19;https://www.helsenorge.no/gravid/gravid-uke-for-uke/uke-7/
Helsedirektoratet;;nb;gravid;Gravid uke 8;2025-11-19;https://www.helsenorge.no/gravid/gravid-uke-for-uke/uke-8/
Helsedirektoratet;;nb;gravid;Gravid uke 9 til 12;2025-05-08;https://www.helsenorge.no/gravid/gravid-uke-for-uke/uke-9/
Helsedirektoratet;;nb;gravid;Helsekort for gravide;2025-04-24;https://www.helsenorge.no/gravid/helsekort-for-gravide/
Helsedirektoratet;;nb;gravid;Kosthold for gravide;2023-11-21;https://www.helsenorge.no/gravid/kosthold-for-gravide/
Helsedirektoratet;;nb;gravid;Mat og drikke gravide bør unngå;2023-08-02;https://www.helsenorge.no/gravid/mat-og-drikke-som-gravide-ikke-bor-spise/
Helsedirektoratet;;nb;gravid;Snus, røyk og graviditet;2023-01-19;https://www.helsenorge.no/gravid/royking-snus-og-graviditet/
Helsedirektoratet;;nb;gravid;Sex når du er gravid;2023-01-06;https://www.helsenorge.no/gravid/sex-nar-du-er-gravid/
Helsedirektoratet;;nb;gravid;Svangerskapskonsultasjoner;2025-01-01;https://www.helsenorge.no/gravid/svangerskapskontroller/
Helsedirektoratet;;nb;gravid;Trening når du er gravid og etter fødselen;2025-06-16;https://www.helsenorge.no/gravid/trening-graviditet-og-fodsel/
Helsedirektoratet;;nb;gravid;Gravid - vanlige plager;2023-02-09;https://www.helsenorge.no/gravid/vanlige-plager-under-graviditeten/
Helsedirektoratet;;nb;gravid;Forberedelser til å bli gravid;2025-05-02;https://www.helsenorge.no/gravid/vil-bli-gravid/
Helsedirektoratet;;nb;helse-og-miljo;Badeplasser og vannkvalitet  ;2024-07-05;https://www.helsenorge.no/helse-og-miljo/badeplasser-og-vannkvalitet/
Helsedirektoratet;;nb;helse-og-miljo;Hodelus - behandling og fjerning av lus;2025-02-10;https://www.helsenorge.no/helse-og-miljo/insekter-og-skadedyr/hodelus/
Helsedirektoratet;;nb;helse-og-miljo;Luftforurensing;2024-11-01;https://www.helsenorge.no/helse-og-miljo/luftforurensning/
Helsedirektoratet;;nb;helse-og-miljo;Passiv røyking;2026-03-11;https://www.helsenorge.no/helse-og-miljo/passiv-royking/
Helsedirektoratet;;nb;hjelpetilbud-i-kommunene;Barnebolig og avlastningsbolig;2025-03-17;https://www.helsenorge.no/hjelpetilbud-i-kommunene/avlastningsbolig/
Helsedirektoratet;;nb;hjelpetilbud-i-kommunene;Avlastningstiltak;2022-04-08;https://www.helsenorge.no/hjelpetilbud-i-kommunene/avlastningstiltak/
Helsedirektoratet;;nb;hjelpetilbud-i-kommunene;Brukarstyrt personleg assistanse (BPA) ;2022-02-18;https://www.helsenorge.no/hjelpetilbud-i-kommunene/brukerstyrt-personlig-assistanse-bpa/
Helsedirektoratet;;nb;hjelpetilbud-i-kommunene;Dagtilbud;2026-03-04;https://www.helsenorge.no/hjelpetilbud-i-kommunene/dagtilbud/
Helsedirektoratet;;nb;hjelpetilbud-i-kommunene;Frisklivssentral;2025-04-01;https://www.helsenorge.no/hjelpetilbud-i-kommunene/frisklivssentral/
Helsedirektoratet;;nb;hjelpetilbud-i-kommunene;Habilitering og rehabilitering;2023-03-21;https://www.helsenorge.no/hjelpetilbud-i-kommunene/habilitering-og-rehabilitering/
Helsedirektoratet;;nb;hjelpetilbud-i-kommunene;Helsestasjonen for barn fra 0-5 år;2023-08-28;https://www.helsenorge.no/hjelpetilbud-i-kommunene/helsestasjon-0-5-ar/
Helsedirektoratet;;nb;hjelpetilbud-i-kommunene;10-månederskontroll på helsestasjonen;2023-08-28;https://www.helsenorge.no/hjelpetilbud-i-kommunene/helsestasjon-0-5-ar/10-manederskontroll/
Helsedirektoratet;;nb;hjelpetilbud-i-kommunene;12-månederskontroll på helsestasjonen;2023-08-28;https://www.helsenorge.no/hjelpetilbud-i-kommunene/helsestasjon-0-5-ar/12-manederskontroll/
Helsedirektoratet;;nb;hjelpetilbud-i-kommunene;15-månederskontroll på helsestasjonen;2023-08-28;https://www.helsenorge.no/hjelpetilbud-i-kommunene/helsestasjon-0-5-ar/15-manederskontroll/
Helsedirektoratet;;nb;hjelpetilbud-i-kommunene;17-18-månederskontroll på helsestasjonen;2023-08-28;https://www.helsenorge.no/hjelpetilbud-i-kommunene/helsestasjon-0-5-ar/17-18-manederskontroll/
Helsedirektoratet;;nb;hjelpetilbud-i-kommunene;3-månederskontroll på helsestasjonen;2023-08-28;https://www.helsenorge.no/hjelpetilbud-i-kommunene/helsestasjon-0-5-ar/3-manederskontroll/
Helsedirektoratet;;nb;hjelpetilbud-i-kommunene;4-månederskontroll på helsestasjonen;2023-08-23;https://www.helsenorge.no/hjelpetilbud-i-kommunene/helsestasjon-0-5-ar/4-manederskontroll/
Helsedirektoratet;;nb;hjelpetilbud-i-kommunene;4-ukerskontroll på helsestasjonen;2023-08-28;https://www.helsenorge.no/hjelpetilbud-i-kommunene/helsestasjon-0-5-ar/4-ukerskontroll/
Helsedirektoratet;;nb;hjelpetilbud-i-kommunene;5-månederskontroll på helsestasjonen;2023-08-28;https://www.helsenorge.no/hjelpetilbud-i-kommunene/helsestasjon-0-5-ar/5-manederskontroll/
Helsedirektoratet;;nb;hjelpetilbud-i-kommunene;6-månederskontroll på helsestasjonen;2023-08-28;https://www.helsenorge.no/hjelpetilbud-i-kommunene/helsestasjon-0-5-ar/6-manederskontroll/
Helsedirektoratet;;nb;hjelpetilbud-i-kommunene;6-ukerskontroll på helsestasjonen;2023-08-28;https://www.helsenorge.no/hjelpetilbud-i-kommunene/helsestasjon-0-5-ar/6-ukerskontroll/
Helsedirektoratet;;nb;hjelpetilbud-i-kommunene;Hjemmebesøk 7-10 dager etter fødsel;2023-08-28;https://www.helsenorge.no/hjelpetilbud-i-kommunene/helsestasjon-0-5-ar/7-10-dagerskontroll/
Helsedirektoratet;;nb;hjelpetilbud-i-kommunene;8-månederskontroll på helsestasjonen;2023-08-28;https://www.helsenorge.no/hjelpetilbud-i-kommunene/helsestasjon-0-5-ar/8-manederskontroll/
Helsedirektoratet;;nb;hjelpetilbud-i-kommunene;Fireårskontroll;2023-08-28;https://www.helsenorge.no/hjelpetilbud-i-kommunene/helsestasjon-0-5-ar/firearskontroll/
Helsedirektoratet;;nb;hjelpetilbud-i-kommunene;Toårskontroll på helsestasjonen;2023-08-28;https://www.helsenorge.no/hjelpetilbud-i-kommunene/helsestasjon-0-5-ar/toarskontroll/
Helsedirektoratet;;nb;hjelpetilbud-i-kommunene;Helsestasjon for ungdom (HFU);2024-12-17;https://www.helsenorge.no/hjelpetilbud-i-kommunene/helsestasjon-for-ungdom/
Helsedirektoratet;;nb;hjelpetilbud-i-kommunene;Helsetenester i heimen;2025-12-15;https://www.helsenorge.no/hjelpetilbud-i-kommunene/helsetjenester-i-hjemmet/
Helsedirektoratet;;nb;hjelpetilbud-i-kommunene;Ledsagerbevis;2025-02-25;https://www.helsenorge.no/hjelpetilbud-i-kommunene/ledsagerbevis/
Helsedirektoratet;;nb;hjelpetilbud-i-kommunene;Ring legevakten på 116 117 for øyeblikkelig hjelp;2023-03-09;https://www.helsenorge.no/hjelpetilbud-i-kommunene/legevakt/
Helsedirektoratet;;nb;hjelpetilbud-i-kommunene;Omsorgsstønad;2024-03-18;https://www.helsenorge.no/hjelpetilbud-i-kommunene/omsorgsstonad/
Helsedirektoratet;;nb;hjelpetilbud-i-kommunene;Praktisk bistand og opplæring;2025-12-18;https://www.helsenorge.no/hjelpetilbud-i-kommunene/personlig-assistanse-praktisk-bistand-og-opplering/
Helsedirektoratet;;nb;hjelpetilbud-i-kommunene;"Skolehelsetjenesten
";2023-05-11;https://www.helsenorge.no/hjelpetilbud-i-kommunene/skolehelsetjenesten/
Helsedirektoratet;;nb;hjelpetilbud-i-kommunene;8. trinn - helsesamtale på skolen;2023-04-28;https://www.helsenorge.no/hjelpetilbud-i-kommunene/skolehelsetjenesten/helsesamtale-8-trinn/
Helsedirektoratet;;nb;hjelpetilbud-i-kommunene;1. trinn - skolestartundersøkelse;2023-04-28;https://www.helsenorge.no/hjelpetilbud-i-kommunene/skolehelsetjenesten/skolestartundersokelse/
Helsedirektoratet;;nb;hjelpetilbud-i-kommunene;10. trinn - vaksinering på skolen;2023-05-02;https://www.helsenorge.no/hjelpetilbud-i-kommunene/skolehelsetjenesten/vaksine-10-trinn/
Helsedirektoratet;;nb;hjelpetilbud-i-kommunene;2. trinn - vaksinering på skolen;2023-05-02;https://www.helsenorge.no/hjelpetilbud-i-kommunene/skolehelsetjenesten/vaksine-2-trinn/
Helsedirektoratet;;nb;hjelpetilbud-i-kommunene;6. trinn - vaksinering på skolen;2023-05-02;https://www.helsenorge.no/hjelpetilbud-i-kommunene/skolehelsetjenesten/vaksine-6-trinn/
Helsedirektoratet;;nb;hjelpetilbud-i-kommunene;7. trinn - vaksinering på skolen;2023-05-02;https://www.helsenorge.no/hjelpetilbud-i-kommunene/skolehelsetjenesten/vaksine-7-trinn/
Helsedirektoratet;;nb;hjelpetilbud-i-kommunene;3. trinn - veiing og måling på skolen;2023-04-28;https://www.helsenorge.no/hjelpetilbud-i-kommunene/skolehelsetjenesten/veiing-og-maling-3-trinn/
Helsedirektoratet;;nb;hjelpetilbud-i-kommunene;Støttekontakt;2023-01-30;https://www.helsenorge.no/hjelpetilbud-i-kommunene/stottekontakt/
Helsedirektoratet;;nb;hjelpetilbud-i-kommunene;Sykehjem og omsorgsbolig;2025-03-17;https://www.helsenorge.no/hjelpetilbud-i-kommunene/sykehjem-og-omsorgsbolig/
Helsedirektoratet;;nb;hjelpetilbud-i-kommunene;Trygghetsalarm;2023-01-17;https://www.helsenorge.no/hjelpetilbud-i-kommunene/trygghetsalarm/
Helsedirektoratet;;nb;hjernen;Hjernehelse;2023-06-01;https://www.helsenorge.no/hjernen/hjernehelse/
Helsedirektoratet;;nb;horsel;Forebygging av hørselsskader;2026-07-02;https://www.helsenorge.no/horsel/forebygging-av-horselsskader/
Helsedirektoratet;;nb;horsel;Høreapparat;2026-07-02;https://www.helsenorge.no/horsel/horeapparat/
Helsedirektoratet;;nb;horsel;Hjelpemidler for hørsel;2026-07-02;https://www.helsenorge.no/horsel/horselshjelpemidler/
Helsedirektoratet;;nb;horsel;Hva er nedsatt hørsel?;2026-07-02;https://www.helsenorge.no/horsel/hva-er-nedsatt-horsel/
Helsedirektoratet;;nb;horsel;Hvem behandler hørselen din?;2026-07-02;https://www.helsenorge.no/horsel/hvem-behandler-horselen-din/
Helsedirektoratet;;nb;horsel;Slik kan du leve bedre med nedsatt hørsel;2026-07-02;https://www.helsenorge.no/horsel/leve-godt-nedsatt-horsel/
Helsedirektoratet;;nb;horsel;Råd til pårørende ved nedsatt hørsel;2026-07-02;https://www.helsenorge.no/horsel/nedsatt-horsel---rad-til-parorende/
Helsedirektoratet;;nb;horsel;Dårlig hørsel hos eldre ;2026-07-02;https://www.helsenorge.no/horsel/nedsatt-horsel-hos-eldre/
Helsedirektoratet;;nb;horsel;Rettigheter for deg med nedsatt hørsel;2026-07-02;https://www.helsenorge.no/horsel/rettigheter-horsel/
Helsedirektoratet;;nb;horsel;Vanlige plager i øret;2026-07-02;https://www.helsenorge.no/horsel/sykdommer-plager/plager-i-oret/
Helsedirektoratet;;nb;horsel;Væske i mellomøret (sekretorisk otitt);2024-01-12;https://www.helsenorge.no/horsel/sykdommer-plager/vaeske-i-mellomoret/
Helsedirektoratet;;nb;horsel;Tips til deg som bruker høreapparat;2026-07-02;https://www.helsenorge.no/horsel/tips-horeapparat/
Helsedirektoratet;oslo-universitetssykehus-hf;nb;kliniske-studier;Kliniske studier – hva er det?;2023-03-15;https://www.helsenorge.no/kliniske-studier/om/
Helsedirektoratet;oslo-universitetssykehus-hf;nb;kliniske-studier;Kliniske studier – Dine rettigheter når du deltar i en klinisk studie;2023-03-15;https://www.helsenorge.no/kliniske-studier/vilkar-og-rettigheter-ved-deltakelse/
Helsedirektoratet;;nb;kmr;Tenduristiya derûnî di demên krîzê de ;;https://www.helsenorge.no/kmr/psykisk-helse/psykisk-helse-i-kriser/
Helsedirektoratet;;nb;kmr;Şîret ji bo kesên ku bûyerên traûmatîkî jiyane ;;https://www.helsenorge.no/kmr/psykisk-helse/rad-til-deg-som-har-opplevd-traumatiske-hendelser/
Helsedirektoratet;nasjonalt-kunnskapssenter-om-vold-og-traumatisk-stress;nb;kmr;Mirov çawa bi zarok û ciwanan re derbareyê şer, terorîzm û bûyerên din ên cidî diaxive ;;https://www.helsenorge.no/kmr/psykisk-helse/slik-kan-du-snakke-med-barn-og-ungdom-om-krig-terror-og-andre-alvorlige-hendelser/
Helsedirektoratet;folkehelseinstituttet;nb;koronavirus;Covid-19 - Hva er korona?;2025-04-24;https://www.helsenorge.no/koronavirus/covid-19/
Helsedirektoratet;;nb;koronavirus;Brosjyre  om mestring av senfølger etter covid-19;2024-12-01;https://www.helsenorge.no/koronavirus/informasjon-pa-flere-sprak/
Helsedirektoratet;;nb;koronavirus;Videoer med råd til deg som har senfølger etter covid-19;2024-09-10;https://www.helsenorge.no/koronavirus/senfolger-covid-who/
Helsedirektoratet;;nb;koronavirus;"Senfølger etter covid-19 (""long covid"")";2024-12-04;https://www.helsenorge.no/koronavirus/senfolger-covid19/
Helsedirektoratet;;nb;kosthold-og-ernaring;Viktig å få nok jod;2025-06-19;https://www.helsenorge.no/kosthold-og-ernaring/derfor-trenger-vi-jod/
Helsedirektoratet;;nb;kosthold-og-ernaring;Energidrikk og koffein – hva gjør det med kroppen din?  ;2026-04-20;https://www.helsenorge.no/kosthold-og-ernaring/kosthold-for-barn-og-unge/energidrikk-og-koffein-hva-gjor-det-med-kroppen-din/
Helsedirektoratet;;nb;kosthold-og-ernaring;Kosthold for ungdom;2026-04-29;https://www.helsenorge.no/kosthold-og-ernaring/kosthold-for-barn-og-unge/kosthold-for-ungdom/
Helsedirektoratet;;nb;kosthold-og-ernaring;Kosthold for barn mellom 2 og 5 år;2026-04-29;https://www.helsenorge.no/kosthold-og-ernaring/kosthold-for-barn-og-unge/mellom-2-og-5-ar/
Helsedirektoratet;;nb;kosthold-og-ernaring;Kosthold for barn mellom 6 og 12 år;2026-04-29;https://www.helsenorge.no/kosthold-og-ernaring/kosthold-for-barn-og-unge/mellom-6-og-12-ar/
Helsedirektoratet;;nb;kosthold-og-ernaring;Skolemat;2026-04-29;https://www.helsenorge.no/kosthold-og-ernaring/kosthold-for-barn-og-unge/skolemat/
Helsedirektoratet;;nb;kosthold-og-ernaring;Kosthold for eldre;2025-03-10;https://www.helsenorge.no/kosthold-og-ernaring/kosthold-for-eldre/
Helsedirektoratet;;nb;kosthold-og-ernaring;Kostrådene;2024-08-15;https://www.helsenorge.no/kosthold-og-ernaring/kostradene/
Helsedirektoratet;;nb;kosthold-og-ernaring;Nøkkelhullet;2025-03-14;https://www.helsenorge.no/kosthold-og-ernaring/nokkelhullet/
Helsedirektoratet;;nb;kosthold-og-ernaring;Sette sammen et sunt kosthold;2024-08-15;https://www.helsenorge.no/kosthold-og-ernaring/slik-setter-du-sammen-et-sunt-kosthold/
Helsedirektoratet;;nb;kosthold-og-ernaring;Kosttilskudd - trenger jeg det?;2025-03-24;https://www.helsenorge.no/kosthold-og-ernaring/trygg-bruk-av-kosttilskudd/
Helsedirektoratet;;nb;kosthold-og-ernaring;Ultraprosessert mat;2025-09-02;https://www.helsenorge.no/kosthold-og-ernaring/ultraprosessert-mat/
Helsedirektoratet;;nb;kosthold-og-ernaring;Vegetarisk kosthold - Næringsrik;2023-06-01;https://www.helsenorge.no/kosthold-og-ernaring/vegetarisk-kosthold/naringsrik-vegetarkost/
Helsedirektoratet;;nb;kosthold-og-ernaring;Vegetarkost - Næringsstoffer du må følge med på;2023-11-21;https://www.helsenorge.no/kosthold-og-ernaring/vegetarisk-kosthold/pass-pa-naringsstoffer-vegetar/
Helsedirektoratet;;nb;kosthold-og-ernaring;Vegetarisk og vegansk kosthold: praktiske råd;2023-06-01;https://www.helsenorge.no/kosthold-og-ernaring/vegetarisk-kosthold/praktiske-rad-vegetar/
Helsedirektoratet;;nb;kosthold-og-ernaring;"Vegetarkost og vegankost: Spedbarn 0-1 år
";2022-05-02;https://www.helsenorge.no/kosthold-og-ernaring/vegetarisk-kosthold/spedbarn-0-1-ar/
Helsedirektoratet;;nb;kosthold-og-ernaring;"Vegetarkost og vegankost når du ammer
";2023-11-17;https://www.helsenorge.no/kosthold-og-ernaring/vegetarisk-kosthold/vegetarkost-for-ammende/
Helsedirektoratet;;nb;kosthold-og-ernaring;Vegetarisk kosthold - Barn;2023-06-01;https://www.helsenorge.no/kosthold-og-ernaring/vegetarisk-kosthold/vegetarkost-for-barn/
Helsedirektoratet;;nb;kosthold-og-ernaring;Vegetarisk kosthold - Gravid;2022-05-02;https://www.helsenorge.no/kosthold-og-ernaring/vegetarisk-kosthold/vegetarkost-for-gravide/
Helsedirektoratet;universitetet-i-bergen;nb;kvinnehelse;Hormonbehandling i overgangsalderen;2025-03-03;https://www.helsenorge.no/kvinnehelse/overgangsalder/hormonbehandling/
Helsedirektoratet;universitetet-i-bergen;nb;kvinnehelse;Hva er overgangsalderen?;2025-03-03;https://www.helsenorge.no/kvinnehelse/overgangsalder/hva-er/
Helsedirektoratet;universitetet-i-bergen;nb;kvinnehelse;Hva kan hjelpe deg gjennom overgangsalderen?;2025-03-03;https://www.helsenorge.no/kvinnehelse/overgangsalder/rad/
Helsedirektoratet;universitetet-i-bergen;nb;kvinnehelse;Symptomer på overgangsalder;2025-03-03;https://www.helsenorge.no/kvinnehelse/overgangsalder/symptomer/
Helsedirektoratet;;nb;lev;Råd for god helse og gode liv;2022-03-28;https://www.helsenorge.no/lev/
Helsedirektoratet;;nb;medisiner;Råd for å forebygge antibiotikaresistens;2026-03-10;https://www.helsenorge.no/medisiner/antibiotika-og-resistens/forebygge-antibiotikaresistens/
Helsedirektoratet;;nb;medisiner;Hva er antibiotika?;2026-03-05;https://www.helsenorge.no/medisiner/antibiotika-og-resistens/hva-er-antibiotika/
Helsedirektoratet;;nb;medisiner;Bilkøyring, narkotika og legemiddel;2024-10-22;https://www.helsenorge.no/medisiner/bilkjoring-og-legemidler/
Helsedirektoratet;;nb;medisiner;Analyse av gener for å finne riktig medisin (farmakogenetisk analyse) ;2024-12-23;https://www.helsenorge.no/medisiner/farmakogenetisk-analyse/
Helsedirektoratet;;nb;overvekt-og-fedme;Fysisk aktivitet ved overvekt;2026-03-20;https://www.helsenorge.no/overvekt-og-fedme/fysisk-aktivitet-ved-overvekt/
Helsedirektoratet;;nb;overvekt-og-fedme;Kroppsmasseindeks (KMI) og midjemål;2024-04-20;https://www.helsenorge.no/overvekt-og-fedme/kroppsmasseindeks-KMI/
Helsedirektoratet;;nb;overvekt-og-fedme;Vil du gå ned i vekt?;2025-08-05;https://www.helsenorge.no/overvekt-og-fedme/unnga-overvekt/
Helsedirektoratet;;nb;overvekt-og-fedme;Vekt, forbrenning og kalorier;2024-02-12;https://www.helsenorge.no/overvekt-og-fedme/vekt-forbrenning-og-kalorier/
Helsedirektoratet;;nb;parorende;Pårørende - hva nå?;2026-06-01;https://www.helsenorge.no/parorende/parorendes-rettigheter/
Helsedirektoratet;;nb;parorende;Råd til pårørande;2024-05-21;https://www.helsenorge.no/parorende/rad/
Helsedirektoratet;;nb;parorende;Psykisk helse – tilbud til pårørende;2022-12-22;https://www.helsenorge.no/parorende/tilbud-for-parorende-innen-psykisk-helse/
Helsedirektoratet;;nb;parorende;Rus – tilbud til pårørende;2022-12-22;https://www.helsenorge.no/parorende/tilbud-for-parorende-rus/
Helsedirektoratet;nasjonalt-kompetansenettverk-innen-persontilpasset-medisin-;nb;persontilpasset-medisin;Persontilpasset medisin;2025-05-12;https://www.helsenorge.no/persontilpasset-medisin/
Helsedirektoratet;;nb;personvern;Deling av helseopplysninger;2026-09-08;https://www.helsenorge.no/personvern/delte-helseopplysninger/
Helsedirektoratet;;nb;prs;ترجمان در خدمات صحی;;https://www.helsenorge.no/prs/rettigheter/tolk/
Helsedirektoratet;;nb;prs;برای کسانی که به سقط جنین فکر می‌کنند ;;https://www.helsenorge.no/prs/sex-og-samliv/til-deg-som-vurderer-abort/
Helsedirektoratet;;nb;prs;دیابت نوع 2;;https://www.helsenorge.no/prs/sykdom/diabetes/diabetes-type-2/
Helsedirektoratet;;nb;prs;Svangerskapsdiabetes;;https://www.helsenorge.no/prs/sykdom/svangerskap/svangerskapsdiabetes/
Helsedirektoratet;;nb;prs;روش‌های سقط جنین ;;https://www.helsenorge.no/prs/undersokelse-og-behandling/abortmetoder/
Helsedirektoratet;;nb;prs;حقوق صحی شما بعنوان یک پناهنده و پناهجو;;https://www.helsenorge.no/prs/utlendinger-i-norge/helsehjelp-for-asylsokere-og-flyktninger-i-norge/dine-helserettigheter-som-flyktning-og-asylsoker/
Helsedirektoratet;;nb;prs;اوائل حضور در ناروی ;;https://www.helsenorge.no/prs/utlendinger-i-norge/helsehjelp-for-asylsokere-og-flyktninger-i-norge/ny-i-norge/
Helsedirektoratet;;nb;prs;مراقبت های صحی برای افراد بدون اقامت قانونی;;https://www.helsenorge.no/prs/utlendinger-i-norge/helsehjelp-til-personer-uten-lovlig-opphold/
Helsedirektoratet;;nb;psykisk-helse;ABC for god psykisk helse;2026-05-06;https://www.helsenorge.no/psykisk-helse/abc-for-god-psykisk-helse/
Helsedirektoratet;;nb;psykisk-helse;Deprimert eller trist?;2025-11-20;https://www.helsenorge.no/psykisk-helse/deprimert-eller-trist/
Helsedirektoratet;;nb;psykisk-helse;Dødsfall – sorg, sorgreaksjoner og bearbeiding;2026-08-17;https://www.helsenorge.no/psykisk-helse/dodsfall-sorg-og-sorgreaksjoner/
Helsedirektoratet;;nb;psykisk-helse;Ensomhet;2026-02-03;https://www.helsenorge.no/psykisk-helse/ensomhet/
Helsedirektoratet;;nb;psykisk-helse;Fysisk aktivitet og trening ved depresjon;2025-06-10;https://www.helsenorge.no/psykisk-helse/fysisk-aktivitet-og-trening-ved-depresjon/
Helsedirektoratet;;nb;psykisk-helse;Helsehjelp ved kriser, ulykker og katastrofer   ;2026-05-13;https://www.helsenorge.no/psykisk-helse/hjelp-og-behandling/ved-kriser-ulykker-katastrofer/
Helsedirektoratet;;nb;psykisk-helse;Kva er psykisk helse?;2022-03-04;https://www.helsenorge.no/psykisk-helse/hva-er-psykisk-helse/
Helsedirektoratet;;nb;psykisk-helse;Langvarig stress;2025-10-17;https://www.helsenorge.no/psykisk-helse/langvarig-stress/
Helsedirektoratet;;nb;psykisk-helse;Nasjonalt pasientforløp for psykisk helse og rus;2024-12-19;https://www.helsenorge.no/psykisk-helse/pasientforlop-for-psykisk-helse-og-rus/
Helsedirektoratet;;nb;psykisk-helse;Problematisk seksuell adferd hos barn og unge;2025-03-28;https://www.helsenorge.no/psykisk-helse/problematisk-seksuell-atferd-barn-og-unge/
Helsedirektoratet;;nb;psykisk-helse;Psykisk helse i kriser;2026-03-17;https://www.helsenorge.no/psykisk-helse/psykisk-helse-i-kriser/
Helsedirektoratet;;nb;psykisk-helse;Psykisk helse og fysisk aktivitet;2024-04-09;https://www.helsenorge.no/psykisk-helse/psykisk-helse-og-fysisk-aktivitet/
Helsedirektoratet;;nb;psykisk-helse;Psykisk helsehjelp for barn og unge;2023-06-23;https://www.helsenorge.no/psykisk-helse/psykisk-helsehjelp-for-barn-og-unge/
Helsedirektoratet;;nb;psykisk-helse;Psykisk helsehjelp for voksne;2022-08-22;https://www.helsenorge.no/psykisk-helse/psykisk-helsehjelp-for-voksne/
Helsedirektoratet;;nb;psykisk-helse;Psykolog;2025-12-09;https://www.helsenorge.no/psykisk-helse/psykolog/
Helsedirektoratet;nasjonalt-senter-for-selvmordsforskning-og-forebygging-;nb;psykisk-helse;Selvmordstanker og selvmord;2021-10-12;https://www.helsenorge.no/psykisk-helse/selvmordstanker-og-selvmord/
Helsedirektoratet;nasjonalt-senter-for-selvmordsforskning-og-forebygging-;nb;psykisk-helse;Er du redd noen du kjenner skal ta selvmord?;2024-06-10;https://www.helsenorge.no/psykisk-helse/selvmordstanker-og-selvmord/er-du-bekymret-for-noen/
Helsedirektoratet;nasjonalt-senter-for-selvmordsforskning-og-forebygging-;nb;psykisk-helse;Har du selvmordstanker?;2024-03-22;https://www.helsenorge.no/psykisk-helse/selvmordstanker-og-selvmord/har-du-selvmordstanker/
Helsedirektoratet;;nb;psykisk-helse;Selvskading;2022-03-11;https://www.helsenorge.no/psykisk-helse/selvskading/
Helsedirektoratet;nasjonalt-kunnskapssenter-om-vold-og-traumatisk-stress;nb;psykisk-helse;Snakke med barn og ungdom om krig, terror og andre alvorlige hendelser;2026-03-06;https://www.helsenorge.no/psykisk-helse/snakk-med-barna-om-terror-krig/
Helsedirektoratet;;nb;psykisk-helse;Stress på jobb;2022-01-25;https://www.helsenorge.no/psykisk-helse/stress-pa-jobb/
Helsedirektoratet;;nb;psykisk-helse;Råd til deg som har opplevd traumatiske hendelser;2026-03-17;https://www.helsenorge.no/psykisk-helse/traumatiske-hendelser/
Helsedirektoratet;;nb;psykisk-helse;Trenger du noen å snakke med?;2023-12-15;https://www.helsenorge.no/psykisk-helse/trenger-du-noen-a-snakke-med/
Helsedirektoratet;;nb;psykisk-helse;- Helsenorge;2025-10-17;https://www.helsenorge.no/psykisk-helse/utbrenthet/
Helsedirektoratet;;nb;rettigheter;Barnekoordinator;2022-12-19;https://www.helsenorge.no/rettigheter/barnekoordinator/
Helsedirektoratet;;nb;rettigheter;Brukermedvirkning – din rett og mulighet til å medvirke;2025-01-29;https://www.helsenorge.no/rettigheter/brukermedvirkning/
Helsedirektoratet;;nb;rettigheter;Endring av juridisk kjønn;2023-04-28;https://www.helsenorge.no/rettigheter/endring-av-juridisk-kjonn/
Helsedirektoratet;;nb;rettigheter;Førerkort og helsekrav;2026-03-11;https://www.helsenorge.no/rettigheter/forerkort-og-helsekrav/
Helsedirektoratet;;nb;rettigheter;Helserettigheter for barn og unge;2025-12-12;https://www.helsenorge.no/rettigheter/helserettigheter-for-barn-og-unge/
Helsedirektoratet;;nb;rettigheter;Hvordan snakke med barn om at de har blitt til ved hjelp av en donor;2025-03-26;https://www.helsenorge.no/rettigheter/hvordan-snakke-med-barn-om-deres-genetiske-opphav/
Helsedirektoratet;;nb;rettigheter;Individuell plan - en rettighet;2022-12-15;https://www.helsenorge.no/rettigheter/individuell-plan/
Helsedirektoratet;;nb;rettigheter;Kontaktlege;2025-01-29;https://www.helsenorge.no/rettigheter/kontaktlege/
Helsedirektoratet;;nb;rettigheter;Gode råd til deg som skal på sykehus;2023-03-14;https://www.helsenorge.no/rettigheter/rad-til-deg-som-skal-pa-sjukehus/
Helsedirektoratet;;nb;rettigheter;Rett til helsehjelp;2022-11-28;https://www.helsenorge.no/rettigheter/rett-til-helsehjelp/
Helsedirektoratet;;nb;rettigheter;Rett til bindende frist;2024-04-02;https://www.helsenorge.no/rettigheter/sykehus-og-spesialist/rett-til-bindende-frist/
Helsedirektoratet;;nb;rettigheter;Rett til nødvendig helsehjelp fra spesialisthelsetjenesten;2023-09-20;https://www.helsenorge.no/rettigheter/sykehus-og-spesialist/rett-til-nodvendig-helsehjelp/
Helsedirektoratet;;nb;rettigheter;Rett til ny vurdering;2024-03-18;https://www.helsenorge.no/rettigheter/sykehus-og-spesialist/rett-til-ny-vurdering/
Helsedirektoratet;;nb;rettigheter;Helsepersonells taushetsplikt og hva den betyr for deg;2023-03-17;https://www.helsenorge.no/rettigheter/taushetsplikt/
Helsedirektoratet;;nb;rettigheter;Tolking for døve, døvblinde og personer med nedsatt hørsel;2025-07-03;https://www.helsenorge.no/rettigheter/tolk-horsel/
Helsedirektoratet;;nb;rettigheter;Tolk i helsetjenesten – rett til informasjon på ditt språk;2025-01-29;https://www.helsenorge.no/rettigheter/tolk/
Helsedirektoratet;;nb;rettigheter;Informasjon til deg som er unnfanget ved hjelp av en donor;2023-12-11;https://www.helsenorge.no/rettigheter/unnfanga-med-donor/
Helsedirektoratet;;nb;rus-og-avhengighet;Rusproblemer og psykiske lidelser (ROP) - behandling;2022-06-08;https://www.helsenorge.no/rus-og-avhengighet/behandling-av-samtidige-rusproblemer-og-psykiske-lidelser/
Helsedirektoratet;;nb;rus-og-avhengighet;"Cannabis – hasj og marihuana
";2023-05-22;https://www.helsenorge.no/rus-og-avhengighet/cannabis/
Helsedirektoratet;;nb;rus-og-avhengighet;- Helsenorge;2026-02-11;https://www.helsenorge.no/rus-og-avhengighet/dataspill-og-avhengighet/
Helsedirektoratet;;nb;rus-og-avhengighet;Forebygging av overdose;2024-07-05;https://www.helsenorge.no/rus-og-avhengighet/forebygging-av-overdose/
Helsedirektoratet;;nb;rus-og-avhengighet;Kokain - helseskader;2024-06-03;https://www.helsenorge.no/rus-og-avhengighet/kokain/
Helsedirektoratet;;nb;rus-og-avhengighet;Legemiddelassistert rehabilitering (LAR);2025-04-29;https://www.helsenorge.no/rus-og-avhengighet/legemiddelassistert-behandling-lar/
Helsedirektoratet;;nb;rus-og-avhengighet;Pengespill og avhengighet;2026-02-26;https://www.helsenorge.no/rus-og-avhengighet/pengespillavhengighet/
Helsedirektoratet;;nb;rw-RW;Iterambere ry’ ururimi mu bana;;https://www.helsenorge.no/rw-RW/barn/sprakutvikling-hos-barn/
Helsedirektoratet;folkehelseinstituttet;nb;rw-RW;Ubushita bw'inkende (Mpox);;https://www.helsenorge.no/rw-RW/sykdom/infeksjon-og-betennelse/m-kopper-mpox/
Helsedirektoratet;;nb;sex-og-samliv;Vurderer du abort?;2025-05-30;https://www.helsenorge.no/sex-og-samliv/abort/
Helsedirektoratet;;nb;sex-og-samliv;Chemsex;2025-04-03;https://www.helsenorge.no/sex-og-samliv/hva-er-chemsex/
Helsedirektoratet;;nb;sex-og-samliv;Bestill gratis kondomer;2023-11-30;https://www.helsenorge.no/sex-og-samliv/prevensjon/kondom/
Helsedirektoratet;;nb;sex-og-samliv;Sterilisering;2024-10-30;https://www.helsenorge.no/sex-og-samliv/prevensjon/sterilisering/
Helsedirektoratet;;nb;sex-og-samliv;Seksualtekniske hjelpemidler (sexhjelpemidler);2023-11-30;https://www.helsenorge.no/sex-og-samliv/seksualtekniske-hjelpemidler/
Helsedirektoratet;;nb;sex-og-samliv;Sex i alderdommen;2025-03-21;https://www.helsenorge.no/sex-og-samliv/sex-i-alderdommen/
Helsedirektoratet;;nb;sex-og-samliv;Sex og samtykke ;2025-07-03;https://www.helsenorge.no/sex-og-samliv/sex-og-samtykke/
Helsedirektoratet;;nb;sex-og-samliv;Korleis kontakte en sexolog?;2025-03-21;https://www.helsenorge.no/sex-og-samliv/sexolog/
Helsedirektoratet;;nb;sex-og-samliv;Vanlige seksuelle problemer;2025-03-21;https://www.helsenorge.no/sex-og-samliv/vanlige-seksuelle-problemer/
Helsedirektoratet;;nb;skjermrad;Skjermråd for barn og unge;2026-04-21;https://www.helsenorge.no/skjermrad/
Helsedirektoratet;;nb;skjermrad;Skadelige miljøer på nett;2026-09-14;https://www.helsenorge.no/skjermrad/skadelige-nettmiljoer-for-barn-og-unge/
Helsedirektoratet;;nb;skjermrad;Hvor mye skjermtid er greit for barn i alderen 0-5 år?;2026-09-14;https://www.helsenorge.no/skjermrad/skjermrad-for-barn-0-5-ar/
Helsedirektoratet;;nb;skjermrad;Hvor mye skjermtid er greit for barn i alderen 6-12 år?;2026-09-14;https://www.helsenorge.no/skjermrad/skjermrad-for-barn-6-12-ar/
Helsedirektoratet;;nb;skjermrad;Hvor mye skjermtid er greit for ungdom i alderen 18-18 år?;2026-09-14;https://www.helsenorge.no/skjermrad/skjermrad-for-ungdom-13-18-ar/
Helsedirektoratet;;nb;skjermrad;Psykolog svarer på vanlige spørsmål om barn og skjermbruk;2026-09-14;https://www.helsenorge.no/skjermrad/sporsmal-og-svar-om-skjermbruk/
Helsedirektoratet;nasjonalt-senter-for-selvmordsforskning-og-forebygging-;nb;sma;Åssjaldahkh aemieluesemen bïjre jïh aemielueseme;;https://www.helsenorge.no/sma/psykisk-helse/selvmordstanker-og-selvmord/
Helsedirektoratet;nasjonalt-senter-for-selvmordsforskning-og-forebygging-;nb;sma;Datne bïllh naakenh mejtie damth edtjieh aemieluesedh?;;https://www.helsenorge.no/sma/psykisk-helse/selvmordstanker-og-selvmord/er-du-bekymret-for-noen/
Helsedirektoratet;nasjonalt-senter-for-selvmordsforskning-og-forebygging-;nb;sma;Raerieh dutnjien mij aemieluesemeåssjaldahkh åtna;;https://www.helsenorge.no/sma/psykisk-helse/selvmordstanker-og-selvmord/har-du-selvmordstanker/
Helsedirektoratet;;nb;sma;Toelhke healsoedïenesjisnie;;https://www.helsenorge.no/sma/rettigheter/tolk-i-helsetjenesten/
Helsedirektoratet;nasjonalt-senter-for-selvmordsforskning-og-forebygging-;nb;smj;Iesjsårmmimájádusá ja iesjsårmmim;;https://www.helsenorge.no/smj/psykisk-helse/selvmordstanker-og-selvmord/
Helsedirektoratet;nasjonalt-senter-for-selvmordsforskning-og-forebygging-;nb;smj;Balá gus soames gev dåbdå galggá ietjas sårmmit?;;https://www.helsenorge.no/smj/psykisk-helse/selvmordstanker-og-selvmord/er-du-bekymret-for-noen/
Helsedirektoratet;nasjonalt-senter-for-selvmordsforskning-og-forebygging-;nb;smj;Ráde dunji gut ájádalá ietjat sårmmit;;https://www.helsenorge.no/smj/psykisk-helse/selvmordstanker-og-selvmord/har-du-selvmordstanker/
Helsedirektoratet;;nb;smj;Dålkkå varresvuodadievnastusán;;https://www.helsenorge.no/smj/rettigheter/tolk-i-helsetjenesten/
Helsedirektoratet;;nb;snus-og-roykeslutt;Vape, e-sigaretter og helse;2026-04-08;https://www.helsenorge.no/snus-og-roykeslutt/e-sigaretter/
Helsedirektoratet;;nb;snus-og-roykeslutt;Helseskader av å røyke og fordeler når du slutter;2026-03-11;https://www.helsenorge.no/snus-og-roykeslutt/fordeler-ved-a-slutte-a-royke/
Helsedirektoratet;;nb;snus-og-roykeslutt;Snus - helseskader;2023-01-18;https://www.helsenorge.no/snus-og-roykeslutt/helseskader-av-snus/
Helsedirektoratet;;nb;snus-og-roykeslutt;Nikotinavhenighet og abstinens;2026-03-11;https://www.helsenorge.no/snus-og-roykeslutt/nikotin-og-avhengighet/
Helsedirektoratet;;nb;snus-og-roykeslutt;Tips for å slutte med røyk, snus og vape;2026-03-11;https://www.helsenorge.no/snus-og-roykeslutt/tips-for-a-slutte-a-royke/
Helsedirektoratet;;nb;sovnproblemer;Gode råd for betre søvn;2025-10-27;https://www.helsenorge.no/sovnproblemer/rad-for-bedre-sovn/
Helsedirektoratet;;nb;sykdom;Å få diagnosen ALS;2024-06-17;https://www.helsenorge.no/sykdom/als/a-fa-diagnosen-als/
Helsedirektoratet;;nb;sykdom;Å leve med ALS;2024-06-17;https://www.helsenorge.no/sykdom/als/a-leve-med-als/
Helsedirektoratet;;nb;sykdom;ALS - råd til pårørande;2024-06-17;https://www.helsenorge.no/sykdom/als/rad-til-deg-som-er-parorende-til-en-med-als/
Helsedirektoratet;;nb;sykdom;Symptom, lindring og behandling ved ALS;2024-06-17;https://www.helsenorge.no/sykdom/als/symptomer-lindring-og-behandling/
Helsedirektoratet;;nb;sykdom;Jernmangelanemi;2026-08-17;https://www.helsenorge.no/sykdom/blod-og-lymfe/jernmangelanemi/
Helsedirektoratet;;nb;sykdom;Vitamin B12-mangel;2026-08-17;https://www.helsenorge.no/sykdom/blod-og-lymfe/vitaminb12-mangel/
Helsedirektoratet;;nb;sykdom;Er du pårørende til en person med demens?;2025-03-18;https://www.helsenorge.no/sykdom/demens/a-vare-parorende-til-en-person-med-demens/
Helsedirektoratet;;nb;sykdom;Fysisk aktivitet og demens;2025-06-02;https://www.helsenorge.no/sykdom/demens/fysisk-aktivitet-og-demens/
Helsedirektoratet;;nb;sykdom;Hva er demens?;2025-03-18;https://www.helsenorge.no/sykdom/demens/hva-er-demens/
Helsedirektoratet;;nb;sykdom;Rettighetene dine ved demens;2025-03-18;https://www.helsenorge.no/sykdom/demens/rettigheter-demens/
Helsedirektoratet;;nb;sykdom;Demens - risiko og forebygging;2025-04-09;https://www.helsenorge.no/sykdom/demens/risiko-og-forebygging/
Helsedirektoratet;;nb;sykdom;Demens - slik snakker du om det;2025-03-18;https://www.helsenorge.no/sykdom/demens/slik-snakker-du-om-demens/
Helsedirektoratet;;nb;sykdom;"Tilbud til pårørende til personer med demens
";2025-03-18;https://www.helsenorge.no/sykdom/demens/tilbud-til-parorende/
Helsedirektoratet;;nb;sykdom;Diabetes når du er syk eller stresset;2025-06-30;https://www.helsenorge.no/sykdom/diabetes/diabetes-og-andre-sykdommer/
Helsedirektoratet;;nb;sykdom;Diabetes og førerkort;2025-08-15;https://www.helsenorge.no/sykdom/diabetes/diabetes-og-forerkort/
Helsedirektoratet;;nb;sykdom;Diabetes type 1;2024-03-27;https://www.helsenorge.no/sykdom/diabetes/diabetes-type-1/
Helsedirektoratet;;nb;sykdom;Diabetes type 2;2024-03-21;https://www.helsenorge.no/sykdom/diabetes/diabetes-type-2/
Helsedirektoratet;;nb;sykdom;Hva er forskjellen på diabetes type 1 og diabetes type 2?;2024-04-10;https://www.helsenorge.no/sykdom/diabetes/forskjellen-pa-diabetes-type-1-og-diabetes-type-2/
Helsedirektoratet;;nb;sykdom;Diabetes - fotsår og pleie av føtter;2025-10-07;https://www.helsenorge.no/sykdom/diabetes/fotsar-og-pleie-av-fotter-ved-diabetes/
Helsedirektoratet;;nb;sykdom;Fysisk aktivitet og trening ved diabetes type 1;2025-08-15;https://www.helsenorge.no/sykdom/diabetes/fysisk-aktivitet-og-trening-ved-diabetes-type-1/
Helsedirektoratet;;nb;sykdom;Fysisk aktivitet ved diabetes type 2;2025-06-02;https://www.helsenorge.no/sykdom/diabetes/fysisk-aktivitet-ved-diabetes-type-2/
Helsedirektoratet;;nb;sykdom;Lavt blodsukker og føling;2025-08-15;https://www.helsenorge.no/sykdom/diabetes/lavt-blodsukker-foling/
Helsedirektoratet;;nb;sykdom;Hurtigtest for hiv;2024-03-14;https://www.helsenorge.no/sykdom/hiv-og-aids/hurtigtest-for-hiv/
Helsedirektoratet;;nb;sykdom;Leve med hiv;2024-03-15;https://www.helsenorge.no/sykdom/hiv-og-aids/leve-med-hiv/
Helsedirektoratet;;nb;sykdom;Hva er hjerneslag?;2023-08-04;https://www.helsenorge.no/sykdom/hjerneslag/hjerneslag-arsaker/
Helsedirektoratet;;nb;sykdom;Hjerneslag – behandling og rehabilitering;2023-08-04;https://www.helsenorge.no/sykdom/hjerneslag/hjerneslag-behandling/
Helsedirektoratet;;nb;sykdom;Livet etter et hjerneslag;2023-08-04;https://www.helsenorge.no/sykdom/hjerneslag/livet-etter-et-hjerneslag/
Helsedirektoratet;;nb;sykdom;Synsproblemer etter hjerneslag;2024-02-23;https://www.helsenorge.no/sykdom/hjerneslag/synsproblemer-hjerneslag/
Helsedirektoratet;;nb;sykdom;Aortastenose;2026-08-17;https://www.helsenorge.no/sykdom/hjerte-og-kar/aortastenose/
Helsedirektoratet;;nb;sykdom;Åreforkalkning i beina;2026-08-17;https://www.helsenorge.no/sykdom/hjerte-og-kar/areforkalkning/
Helsedirektoratet;;nb;sykdom;Åreknuter;2026-08-17;https://www.helsenorge.no/sykdom/hjerte-og-kar/areknuter/
Helsedirektoratet;;nb;sykdom;Hjerterytmeforstyrrelser;2026-08-17;https://www.helsenorge.no/sykdom/hjerte-og-kar/atrieflimmer/
Helsedirektoratet;;nb;sykdom;Blodpropp i beinet (dyp venetrombose) ;2026-09-23;https://www.helsenorge.no/sykdom/hjerte-og-kar/dyp-venetrombose/
Helsedirektoratet;;nb;sykdom;Ustabil angina;2026-08-17;https://www.helsenorge.no/sykdom/hjerte-og-kar/ustabil-angina-pectoris/
Helsedirektoratet;;nb;sykdom;Smerter i brystene (mastalgi);2026-08-17;https://www.helsenorge.no/sykdom/hormoner/omme-bryster/
Helsedirektoratet;;nb;sykdom;Akne (kviser);2026-08-17;https://www.helsenorge.no/sykdom/hud-og-har/akne/
Helsedirektoratet;;nb;sykdom;Flekkvis hårtap (alopecia areata);2026-08-17;https://www.helsenorge.no/sykdom/hud-og-har/alopecia-areata/
Helsedirektoratet;;nb;sykdom;Helvetesild;2026-08-17;https://www.helsenorge.no/sykdom/hud-og-har/helvetesild/
Helsedirektoratet;;nb;sykdom;Venøse leggsår;2026-08-17;https://www.helsenorge.no/sykdom/hud-og-har/leggsar/
Helsedirektoratet;;nb;sykdom;Psoriasis;2026-08-17;https://www.helsenorge.no/sykdom/hud-og-har/psoriasis/
Helsedirektoratet;;nb;sykdom;Rosen og cellulitt;2026-08-17;https://www.helsenorge.no/sykdom/hud-og-har/rosen/
Helsedirektoratet;;nb;sykdom;Trykksår;2026-08-17;https://www.helsenorge.no/sykdom/hud-og-har/trykksar/
Helsedirektoratet;;nb;sykdom;Brystbetennelse (mastitt);2025-08-26;https://www.helsenorge.no/sykdom/infeksjon-og-betennelse/brystbetennelse/
Helsedirektoratet;folkehelseinstituttet;nb;sykdom;M-kopper (mpox);2024-08-29;https://www.helsenorge.no/sykdom/infeksjon-og-betennelse/mpox/
Helsedirektoratet;;nb;sykdom;Test deg gratis for seksuelt overførbare infeksjoner (soi) ;2023-11-30;https://www.helsenorge.no/sykdom/kjonnssykdommer/test-deg/
Helsedirektoratet;;nb;sykdom;Kreft hos barn;2026-05-07;https://www.helsenorge.no/sykdom/kreft/barnekreft/kreft-hos-barn/
Helsedirektoratet;;nb;sykdom;Pakkeforløp for kreft;2026-07-06;https://www.helsenorge.no/sykdom/kreft/pakkeforlop-for-kreft/
Helsedirektoratet;;nb;sykdom;Pakkeforløp heim for pasientar med kreft;2025-03-19;https://www.helsenorge.no/sykdom/kreft/pakkeforlop-hjem-for-kreft/
Helsedirektoratet;;nb;sykdom;Bronkiolitt;2026-08-17;https://www.helsenorge.no/sykdom/lunger-og-luftveier/bronkiolitt-rs-virus/
Helsedirektoratet;;nb;sykdom;Lungebetennelse (pneumoni);2026-08-17;https://www.helsenorge.no/sykdom/lunger-og-luftveier/lungebetennelse/
Helsedirektoratet;;nb;sykdom;Crohns sykdom;2026-08-17;https://www.helsenorge.no/sykdom/mage-og-tarm/crohns-sykdom/
Helsedirektoratet;;nb;sykdom;Utposninger på tarmen (divertikler og divertikulitt);2026-08-17;https://www.helsenorge.no/sykdom/mage-og-tarm/divertikler/
Helsedirektoratet;;nb;sykdom;Gallestein;2026-08-17;https://www.helsenorge.no/sykdom/mage-og-tarm/gallestein/
Helsedirektoratet;;nb;sykdom;Hemoroidar;2026-08-17;https://www.helsenorge.no/sykdom/mage-og-tarm/hemoroider/
Helsedirektoratet;;nb;sykdom;Irritabel tarmsyndrom;2026-08-17;https://www.helsenorge.no/sykdom/mage-og-tarm/irritabel-tarm/
Helsedirektoratet;;nb;sykdom;Magesår;2026-08-22;https://www.helsenorge.no/sykdom/mage-og-tarm/magesar/
Helsedirektoratet;;nb;sykdom;Skrumplever (levercirrhose);2026-08-17;https://www.helsenorge.no/sykdom/mage-og-tarm/skrumplever/
Helsedirektoratet;;nb;sykdom;Ulcerøs kolitt;2026-08-22;https://www.helsenorge.no/sykdom/mage-og-tarm/ulceros-kolitt/
Helsedirektoratet;regionalt-senter-for-astma-allergi-og-overfolsomhet-;nb;sykdom;Allergi mot egg;2024-05-02;https://www.helsenorge.no/sykdom/matallergi/allergi-mot-egg/
Helsedirektoratet;regionalt-senter-for-astma-allergi-og-overfolsomhet-;nb;sykdom;Allergi mot fisk;2024-05-02;https://www.helsenorge.no/sykdom/matallergi/allergi-mot-fisk/
Helsedirektoratet;;nb;sykdom;Cøliaki;2026-08-17;https://www.helsenorge.no/sykdom/matallergi/coliaki/
Helsedirektoratet;regionalt-senter-for-astma-allergi-og-overfolsomhet-;nb;sykdom;Glutenfri mat og matlaging;2024-05-02;https://www.helsenorge.no/sykdom/matallergi/glutenfri-kost-og-matlaging/
Helsedirektoratet;regionalt-senter-for-astma-allergi-og-overfolsomhet-;nb;sykdom;Hveteallergi;2024-05-02;https://www.helsenorge.no/sykdom/matallergi/hveteallergi/
Helsedirektoratet;regionalt-senter-for-astma-allergi-og-overfolsomhet-;nb;sykdom;Allergi mot nøtter, frø og belgfrukter;2024-05-02;https://www.helsenorge.no/sykdom/matallergi/kost-ved-notteallergi/
Helsedirektoratet;regionalt-senter-for-astma-allergi-og-overfolsomhet-;nb;sykdom;Laktoseintoleranse;2024-05-02;https://www.helsenorge.no/sykdom/matallergi/laktoseintoleranse/
Helsedirektoratet;regionalt-senter-for-astma-allergi-og-overfolsomhet-;nb;sykdom;Mat uten melk;2024-05-02;https://www.helsenorge.no/sykdom/matallergi/mat-uten-melk/
Helsedirektoratet;regionalt-senter-for-astma-allergi-og-overfolsomhet-;nb;sykdom;Hva er forskjellen på matallergi og matintoleranse?;2024-05-02;https://www.helsenorge.no/sykdom/matallergi/matallergi-og-matintoleranse/
Helsedirektoratet;regionalt-senter-for-astma-allergi-og-overfolsomhet-;nb;sykdom;Allergi mot mjølk ;2024-05-02;https://www.helsenorge.no/sykdom/matallergi/melkeallergi/
Helsedirektoratet;;nb;sykdom;Hull i tennene (karies);2024-03-06;https://www.helsenorge.no/sykdom/munn-tenner-kjeve/hull-og-tannskader/
Helsedirektoratet;;nb;sykdom;Kjeveleddsmerter;2026-08-17;https://www.helsenorge.no/sykdom/munn-tenner-kjeve/kjevesmerter/
Helsedirektoratet;;nb;sykdom;Tannbyll;2026-08-21;https://www.helsenorge.no/sykdom/munn-tenner-kjeve/tannbyll/
Helsedirektoratet;;nb;sykdom;Smerter i munnen hos barn kan ha mange årsaker;2024-03-06;https://www.helsenorge.no/sykdom/munn-tenner-kjeve/vondt-i-munnen-hos-barn/
Helsedirektoratet;;nb;sykdom;Artrose (slitasjegikt);2026-08-17;https://www.helsenorge.no/sykdom/muskel-og-skjelett/artrose/
Helsedirektoratet;;nb;sykdom;Fibromyalgi - Langvarige smerter;2026-08-17;https://www.helsenorge.no/sykdom/muskel-og-skjelett/fibromyalgi/
Helsedirektoratet;;nb;sykdom;Fysisk aktivitet ved artrose;2026-04-30;https://www.helsenorge.no/sykdom/muskel-og-skjelett/fysisk-aktivitet-og-artrose/
Helsedirektoratet;;nb;sykdom;Leddgikt;2026-08-17;https://www.helsenorge.no/sykdom/muskel-og-skjelett/leddgikt/
Helsedirektoratet;;nb;sykdom;Leggkramper;2026-08-17;https://www.helsenorge.no/sykdom/muskel-og-skjelett/leggkramper/
Helsedirektoratet;;nb;sykdom;Skuldersmerter;2026-08-17;https://www.helsenorge.no/sykdom/muskel-og-skjelett/skuldersmerte/
Helsedirektoratet;;nb;sykdom;Nyrestein;2026-08-17;https://www.helsenorge.no/sykdom/nyrer-og-urinveier/nyrestein/
Helsedirektoratet;;nb;sykdom;Akutt bihulebetennelse;2026-08-17;https://www.helsenorge.no/sykdom/ore-nese-hals/bihulebetennelse/
Helsedirektoratet;;nb;sykdom;Dårlig ånde;2026-08-17;https://www.helsenorge.no/sykdom/ore-nese-hals/darlig-ande/
Helsedirektoratet;;nb;sykdom;Øregangsinfeksjon (ekstern otitt);2026-08-31;https://www.helsenorge.no/sykdom/ore-nese-hals/infeksjon-i-det-ytre-oret/
Helsedirektoratet;;nb;sykdom;Ørebetennelse (mellomørebetennelse);2026-08-31;https://www.helsenorge.no/sykdom/ore-nese-hals/orebetennelse/
Helsedirektoratet;;nb;sykdom;Får du vondt i ørene når du flyr?;2026-08-31;https://www.helsenorge.no/sykdom/ore-nese-hals/oresmerter-under-flyreiser/
Helsedirektoratet;;nb;sykdom;Ørevoks;2026-08-31;https://www.helsenorge.no/sykdom/ore-nese-hals/orevoks/
Helsedirektoratet;;nb;sykdom;Cerebral synshemming (CVI);2024-02-23;https://www.helsenorge.no/sykdom/oyesykdommer/cerebral-synshemming-cvi/
Helsedirektoratet;;nb;sykdom;Glasslegemeløsning;2024-02-23;https://www.helsenorge.no/sykdom/oyesykdommer/glasslegemelosning/
Helsedirektoratet;;nb;sykdom;Grønn stær (glaukom);2026-06-25;https://www.helsenorge.no/sykdom/oyesykdommer/glaukom/
Helsedirektoratet;;nb;sykdom;Helvetesild rundt øyet;2024-02-23;https://www.helsenorge.no/sykdom/oyesykdommer/helvetesild-rundt-oyet/
Helsedirektoratet;;nb;sykdom;Hornhinnebetennelse (Keratitt);2024-02-23;https://www.helsenorge.no/sykdom/oyesykdommer/hornhinnebetennelse/
Helsedirektoratet;;nb;sykdom;Grå stær (katarakt);2026-08-31;https://www.helsenorge.no/sykdom/oyesykdommer/katarakt/
Helsedirektoratet;;nb;sykdom;Aldersrelatert makuladegenerasjon (AMD);2026-08-31;https://www.helsenorge.no/sykdom/oyesykdommer/makuladegenerasjon/
Helsedirektoratet;;nb;sykdom;Øyekatarr (konjunktivitt);2026-08-31;https://www.helsenorge.no/sykdom/oyesykdommer/oyekatarr/
Helsedirektoratet;;nb;sykdom;Retinitis pigmentosa (RP);2024-02-23;https://www.helsenorge.no/sykdom/oyesykdommer/retinitis-pigmentosa-rp/
Helsedirektoratet;;nb;sykdom;Tørre øyne;2024-02-23;https://www.helsenorge.no/sykdom/oyesykdommer/torre-oyne/
Helsedirektoratet;;nb;sykdom;Generalisert angstlidelse;2026-04-08;https://www.helsenorge.no/sykdom/psykiske-lidelser/angst/angst-generalisert/
Helsedirektoratet;;nb;sykdom;Angst og angstlidelser;2025-04-09;https://www.helsenorge.no/sykdom/psykiske-lidelser/angst/angst-og-angstlidelser/
Helsedirektoratet;;nb;sykdom;Helseangst;2025-09-30;https://www.helsenorge.no/sykdom/psykiske-lidelser/angst/helseangst/
Helsedirektoratet;;nb;sykdom;Panikkangst;2026-03-18;https://www.helsenorge.no/sykdom/psykiske-lidelser/angst/panikkanfall/
Helsedirektoratet;;nb;sykdom;Sosial angstlidelse;2026-08-13;https://www.helsenorge.no/sykdom/psykiske-lidelser/angst/sosial-angstlidelse/
Helsedirektoratet;;nb;sykdom;Tvangslidelse (OCD);2025-11-25;https://www.helsenorge.no/sykdom/psykiske-lidelser/angst/tvangslidelser/
Helsedirektoratet;;nb;sykdom;Bipolar lidelse;2024-04-09;https://www.helsenorge.no/sykdom/psykiske-lidelser/bipolar-lidelse/
Helsedirektoratet;;nb;sykdom;Depresjon hos eldre;2022-11-30;https://www.helsenorge.no/sykdom/psykiske-lidelser/depresjon/aldring-og-depresjon/
Helsedirektoratet;;nb;sykdom;Depresjon hos barn og unge;2026-04-07;https://www.helsenorge.no/sykdom/psykiske-lidelser/depresjon/depresjon-hos-barn/
Helsedirektoratet;;nb;sykdom;Depresjon hos voksne;2026-03-23;https://www.helsenorge.no/sykdom/psykiske-lidelser/depresjon/depresjon-voksne/
Helsedirektoratet;;nb;sykdom;Fobier;2026-08-07;https://www.helsenorge.no/sykdom/psykiske-lidelser/fobier/
Helsedirektoratet;;nb;sykdom;Pedofili;2024-02-27;https://www.helsenorge.no/sykdom/psykiske-lidelser/pedofili/
Helsedirektoratet;;nb;sykdom;Det finnes hjelp – hjelp til voksne med seksuell interesse for barn;2024-02-27;https://www.helsenorge.no/sykdom/psykiske-lidelser/pedofili/det-finnes-hjelp/
Helsedirektoratet;;nb;sykdom;Psykisk helsevern - frivillig;2026-06-01;https://www.helsenorge.no/sykdom/psykiske-lidelser/psykisk-helsevern/frivillig-psykisk-helsevern/
Helsedirektoratet;;nb;sykdom;Klage på tvang i psykisk helsevern;2026-06-01;https://www.helsenorge.no/sykdom/psykiske-lidelser/psykisk-helsevern/klage-pa-tvungent-psykisk-helsevern/
Helsedirektoratet;;nb;sykdom;Psykisk helsevern - tvungent;2026-06-01;https://www.helsenorge.no/sykdom/psykiske-lidelser/psykisk-helsevern/tvungent-psykisk-helsevern/
Helsedirektoratet;;nb;sykdom;Psykose;2025-03-06;https://www.helsenorge.no/sykdom/psykiske-lidelser/psykoser/
Helsedirektoratet;;nb;sykdom;Råd om ramadan og helse;2024-02-02;https://www.helsenorge.no/sykdom/ramadan/
Helsedirektoratet;;nb;sykdom;Skader og sykdommer i hjernen;2020-02-04;https://www.helsenorge.no/sykdom/skader-og-sykdommer-i-hjernen/
Helsedirektoratet;;nb;sykdom;Kronisk utmattelsessyndrom - CFS/ME;2023-02-24;https://www.helsenorge.no/sykdom/skader-og-sykdommer-i-hjernen/cfs-me/
Helsedirektoratet;;nb;sykdom;Søvnapné;2026-08-17;https://www.helsenorge.no/sykdom/sovnsykdommer/sovnapne/
Helsedirektoratet;;nb;sykdom;Spontanabort;2023-12-12;https://www.helsenorge.no/sykdom/svangerskap/spontanabort/
Helsedirektoratet;;nb;sykdom;Svangerskapsdiabetes;2024-06-26;https://www.helsenorge.no/sykdom/svangerskap/svangerskapsdiabetes/
Helsedirektoratet;;nb;sykdom;Forstørret prostata;2026-08-17;https://www.helsenorge.no/sykdom/underliv/forstorret-prostata/
Helsedirektoratet;;nb;sykdom;Kvinnelig omskjæring (kjønnslemlestelse);2025-01-08;https://www.helsenorge.no/sykdom/underliv/kjonnslemlestelse/
Helsedirektoratet;;nb;sykdom;Mensen;2025-03-05;https://www.helsenorge.no/sykdom/underliv/mensen/
Helsedirektoratet;;nb;sykdom;ADHD;2026-04-20;https://www.helsenorge.no/sykdom/utviklingsforstyrrelser/adhd/
Helsedirektoratet;;nb;syn;Nedsatt syn når du er eldre;2024-03-04;https://www.helsenorge.no/syn/eldre/
Helsedirektoratet;;nb;syn;Hvem behandler synet ditt?;2024-02-23;https://www.helsenorge.no/syn/hvem-behandler-syn/
Helsedirektoratet;;nb;syn;Slik kan du leve bedre med nedsatt syn;2024-03-04;https://www.helsenorge.no/syn/lev-bedre-nedsatt-syn/
Helsedirektoratet;;nb;syn;Nedsatt syn - råd til pårørende;2024-03-04;https://www.helsenorge.no/syn/nedsatt-syn-parorende/
Helsedirektoratet;;nb;syn;Rettigheter når du har nedsatt syn;2024-03-04;https://www.helsenorge.no/syn/nedsatt-syn-rettigheter/
Helsedirektoratet;;nb;syn;Hva er nedsatt syn?;2024-03-04;https://www.helsenorge.no/syn/nedsatt-syn/
Helsedirektoratet;;nb;syn;Hverdagsteknologi når du har nedsatt syn;2024-02-23;https://www.helsenorge.no/syn/syn-hverdagsteknologi/
Helsedirektoratet;;nb;syn;Synet gjennom livet;2024-02-23;https://www.helsenorge.no/syn/synet-gjennom-livet/
Helsedirektoratet;;nb;syn;Synshjelpemidler - hjelpemidler hvis du ser dårlig;2024-02-23;https://www.helsenorge.no/syn/synshjelpemidler/
Helsedirektoratet;;nb;syn;Nyttige råd for å ta vare på synet ditt;2024-02-23;https://www.helsenorge.no/syn/ta-vare-pa-synet/
Helsedirektoratet;;nb;tannhelse;Akutte tannskader;2024-04-22;https://www.helsenorge.no/tannhelse/akutte-tannskader/
Helsedirektoratet;;nb;tannhelse;Tannstell hos barn;2024-03-06;https://www.helsenorge.no/tannhelse/tannstell-hos-barn/
Helsedirektoratet;;nb;tannhelse;Tenner hos barn;2024-03-06;https://www.helsenorge.no/tannhelse/tenner-hos-barn/
Helsedirektoratet;norsk-helsenett;nb;timeavtaler;Kommunal nettlege ;2026-06-04;https://www.helsenorge.no/timeavtaler/kommunal-nettlege/
Helsedirektoratet;;nb;trening-og-fysisk-aktivitet;Aktivitetane som gir høgast energiforbruk ;2025-03-14;https://www.helsenorge.no/trening-og-fysisk-aktivitet/aktivitetene-som-gir-hoyest-energiforbruk/
Helsedirektoratet;;nb;trening-og-fysisk-aktivitet;Enkle styrketreningsøvelser;2023-06-15;https://www.helsenorge.no/trening-og-fysisk-aktivitet/enkelt-treningsprogram/
Helsedirektoratet;;nb;trening-og-fysisk-aktivitet;Fallforebygging;2025-03-25;https://www.helsenorge.no/trening-og-fysisk-aktivitet/fallforebygging-trening-for-eldre/
Helsedirektoratet;;nb;trening-og-fysisk-aktivitet;Lek og fysisk aktivitet for barn 0 til 5 år;2025-06-05;https://www.helsenorge.no/trening-og-fysisk-aktivitet/fysisk-aktivitet-0-5-ar/
Helsedirektoratet;;nb;trening-og-fysisk-aktivitet;Fysisk aktivitet for barn og unge i skolealder;2025-06-05;https://www.helsenorge.no/trening-og-fysisk-aktivitet/fysisk-aktivitet-for-barn-skolealder/
Helsedirektoratet;;nb;trening-og-fysisk-aktivitet;Tips for å bli mer aktiv - slik kommer du i gang;2025-05-27;https://www.helsenorge.no/trening-og-fysisk-aktivitet/gode-rad-for-a-bli-mer-fysisk-aktiv/
Helsedirektoratet;;nb;trening-og-fysisk-aktivitet;Helsefordeler ved fysisk aktivitet ;2025-05-27;https://www.helsenorge.no/trening-og-fysisk-aktivitet/hva-fysisk-aktivitet-gjor-med-kroppen/
Helsedirektoratet;;nb;trening-og-fysisk-aktivitet;Stillesitting - Hva skjer i kroppen når du sitter for mye?;2025-05-27;https://www.helsenorge.no/trening-og-fysisk-aktivitet/hva-skjer-i-kroppen-nar-du-sitter-for-mye/
Helsedirektoratet;;nb;trening-og-fysisk-aktivitet;Kom i gang med kondisjonstrening;2025-05-27;https://www.helsenorge.no/trening-og-fysisk-aktivitet/kondisjonstrening-og-utholdenhet/
Helsedirektoratet;;nb;trening-og-fysisk-aktivitet;Anbefalinger om fysisk aktivitet til voksne og eldre;2025-03-25;https://www.helsenorge.no/trening-og-fysisk-aktivitet/rad-om-fysisk-aktivitet/
Helsedirektoratet;;nb;trening-og-fysisk-aktivitet;Smart mosjon i arbeidslivet;2024-03-13;https://www.helsenorge.no/trening-og-fysisk-aktivitet/smart-mosjon/
Helsedirektoratet;;nb;trening-og-fysisk-aktivitet;Støle muskler;2025-05-27;https://www.helsenorge.no/trening-og-fysisk-aktivitet/stolhet/
Helsedirektoratet;;nb;trening-og-fysisk-aktivitet;Aktiv på 30 dager;2025-03-14;https://www.helsenorge.no/trening-og-fysisk-aktivitet/treningsprogram-30-dager/
Helsedirektoratet;;nb;undersokelse-og-behandling;Abortmetoder;2025-05-30;https://www.helsenorge.no/undersokelse-og-behandling/abortmetoder/
Helsedirektoratet;;nb;undersokelse-og-behandling;Egg- og sæddonasjon;2024-09-27;https://www.helsenorge.no/undersokelse-og-behandling/egg-og-saddonasjon/
Helsedirektoratet;;nb;undersokelse-og-behandling;Fosterdiagnostikk;2025-12-19;https://www.helsenorge.no/undersokelse-og-behandling/fosterdiagnostikk/
Helsedirektoratet;;nb;undersokelse-og-behandling;Genetiske undersøkelser for medfødt eller arvelig sykdom;2026-09-21;https://www.helsenorge.no/undersokelse-og-behandling/genetiske-undersokelser/
Helsedirektoratet;;nb;undersokelse-og-behandling;Gentester du kjøper selv;2024-05-06;https://www.helsenorge.no/undersokelse-og-behandling/gentester/
Helsedirektoratet;;nb;undersokelse-og-behandling;Gynekologisk undersøkelse;2026-06-30;https://www.helsenorge.no/undersokelse-og-behandling/gynekologisk-undersokelse/
Helsedirektoratet;;nb;undersokelse-og-behandling;Lagring av stamceller fra navlestrengsblod;2024-03-18;https://www.helsenorge.no/undersokelse-og-behandling/lagring-av-navlestrengsblod/
Helsedirektoratet;;nb;undersokelse-og-behandling;Mestring av langvarige smerter;2024-02-20;https://www.helsenorge.no/undersokelse-og-behandling/langvarige-smerter/
Helsedirektoratet;;nb;undersokelse-og-behandling;Nasjonalt forløp for barnevern;2026-05-15;https://www.helsenorge.no/undersokelse-og-behandling/nasjonalt-forlop-for-barnevern/
Helsedirektoratet;;nb;undersokelse-og-behandling;Rituell omskjæring av gutter;2023-04-20;https://www.helsenorge.no/undersokelse-og-behandling/rituell-omskjaering-av-gutter/
Helsedirektoratet;;nb;undersokelse-og-behandling;Utprøvende behandling;2025-01-30;https://www.helsenorge.no/undersokelse-og-behandling/utprovende-behandling/
Helsedirektoratet;;nb;utlendinger-i-norge;Helserettigheter for deg som er på besøk i Norge uten å søke asyl;2022-03-22;https://www.helsenorge.no/utlendinger-i-norge/besoksvisum-eller-visumfrihet/
Helsedirektoratet;;nb;utlendinger-i-norge;Dine helserettigheter som flyktning og asylsøker;2022-05-09;https://www.helsenorge.no/utlendinger-i-norge/flyktninger-og-asylsokere/dine-rettigheter/
Helsedirektoratet;;nb;utlendinger-i-norge;Den første tiden i Norge;2022-05-09;https://www.helsenorge.no/utlendinger-i-norge/flyktninger-og-asylsokere/ny-i-norge/
Helsedirektoratet;;nb;utlendinger-i-norge;Helsehjelp til personer uten lovlig opphold i Norge;2022-11-16;https://www.helsenorge.no/utlendinger-i-norge/helsehjelp-til-personer-uten-lovlig-opphold/
Helsedirektoratet;;nb;velg-behandlingssted;Få hjelp til å velge behandlingssted;2026-08-10;https://www.helsenorge.no/velg-behandlingssted/fa-hjelp-til-a-velge/
Helsedirektoratet;;nb;velg-behandlingssted;"Velg behandlingssted: Fra henvisning til behandling
";2026-05-04;https://www.helsenorge.no/velg-behandlingssted/slik-velger-du-steg-for-steg/
Helsedirektoratet;;nb;velg-behandlingssted;Ventetider for utredning og behandling;2026-05-04;https://www.helsenorge.no/velg-behandlingssted/ventetider/
Helsedirektoratet;norsk-helsenett;en;appointments;Municipal online doctor ;;https://www.helsenorge.no/en/appointments/municipal-online-doctor/
Helsedirektoratet;;ar;barn;التطور اللُغوي عند الأطفال;;https://www.helsenorge.no/ar/barn/sprakutvikling-hos-barn/
Helsedirektoratet;;en;barn;Vitamin supplements;;https://www.helsenorge.no/en/barn/infant-food-and-breastfeeding/alt-om-spedbarnsmat/Vitamin-supplements/
Helsedirektoratet;;en;barn;Breastfeeding the first days after giving birth;;https://www.helsenorge.no/en/barn/infant-food-and-breastfeeding/alt-om-spedbarnsmat/breastfeeding/breast-feeding-after-birth/
Helsedirektoratet;;en;barn;Breastfeeding challenges;;https://www.helsenorge.no/en/barn/infant-food-and-breastfeeding/alt-om-spedbarnsmat/breastfeeding/breastfeeding-challenges/
Helsedirektoratet;;en;barn;Breastfeeding positions;;https://www.helsenorge.no/en/barn/infant-food-and-breastfeeding/alt-om-spedbarnsmat/breastfeeding/breastfeeding-positions/
Helsedirektoratet;;en;barn;Breastfeeding technique;;https://www.helsenorge.no/en/barn/infant-food-and-breastfeeding/alt-om-spedbarnsmat/breastfeeding/breastfeeding-technique/
Helsedirektoratet;;en;barn;Does my child get enough breast milk?;;https://www.helsenorge.no/en/barn/infant-food-and-breastfeeding/alt-om-spedbarnsmat/breastfeeding/enough-breast-milk/
Helsedirektoratet;;en;barn;Expressing breastmilk by hand or by a pump;;https://www.helsenorge.no/en/barn/infant-food-and-breastfeeding/alt-om-spedbarnsmat/breastfeeding/expressing-breastmilk/
Helsedirektoratet;;en;barn;Food and drink when breastfeeding;;https://www.helsenorge.no/en/barn/infant-food-and-breastfeeding/alt-om-spedbarnsmat/breastfeeding/food-and-drink/
Helsedirektoratet;;en;barn;Mixed feeding;;https://www.helsenorge.no/en/barn/infant-food-and-breastfeeding/alt-om-spedbarnsmat/breastfeeding/mixed-feeding/
Helsedirektoratet;;en;barn;Producing breastmilk;;https://www.helsenorge.no/en/barn/infant-food-and-breastfeeding/alt-om-spedbarnsmat/breastfeeding/producing-breastmilk/
Helsedirektoratet;;en;barn;Storing breast milk;;https://www.helsenorge.no/en/barn/infant-food-and-breastfeeding/alt-om-spedbarnsmat/breastfeeding/storing-breast-milk/
Helsedirektoratet;;en;barn;Why breastfeed and how long?;;https://www.helsenorge.no/en/barn/infant-food-and-breastfeeding/alt-om-spedbarnsmat/breastfeeding/why-breastfeed-and-how-long/
Helsedirektoratet;;en;barn;How do I clean bottles;;https://www.helsenorge.no/en/barn/infant-food-and-breastfeeding/alt-om-spedbarnsmat/clean/
Helsedirektoratet;;en;barn;How to feed the baby with a bottle, a cup or supplemental nursing system;;https://www.helsenorge.no/en/barn/infant-food-and-breastfeeding/alt-om-spedbarnsmat/feed-the-baby/
Helsedirektoratet;;en;barn;Prepare and store infant formula;;https://www.helsenorge.no/en/barn/infant-food-and-breastfeeding/alt-om-spedbarnsmat/infant-formula-video/prepare-and-store/
Helsedirektoratet;;en;barn;Digestion and bowel movements in infants;;https://www.helsenorge.no/en/barn/infant-food-and-breastfeeding/alt-om-spedbarnsmat/poop/
Helsedirektoratet;;en;barn;Food and drink in the first year of life;;https://www.helsenorge.no/en/barn/infant-food-and-breastfeeding/alt-om-spedbarnsmat/solid-food/first-year/
Helsedirektoratet;;en;barn;Ensure that the food contains enough iron and vitamin C;;https://www.helsenorge.no/en/barn/infant-food-and-breastfeeding/alt-om-spedbarnsmat/solid-food/iron-and-vitamin-c/
Helsedirektoratet;;en;barn;Starting on solid foods;;https://www.helsenorge.no/en/barn/infant-food-and-breastfeeding/alt-om-spedbarnsmat/solid-food/starte-med-fast-fode/
Helsedirektoratet;;en;barn;Infant formula;;https://www.helsenorge.no/en/barn/infant-food-and-breastfeeding/infant-formula/
Helsedirektoratet;;en;barn;Weaning your baby onto solid food;;https://www.helsenorge.no/en/barn/infant-food-and-breastfeeding/weaning-your-baby-onto-solid-food/
Helsedirektoratet;;en;barn;Language development in children;;https://www.helsenorge.no/en/barn/sprakutvikling-hos-barn/
Helsedirektoratet;;pl;barn;Pozycje do karmienia piersią;;https://www.helsenorge.no/pl/barn/spedbarnsmat-og-amming/alt-om-spedbarnsmat/amming/ammestillinger/
Helsedirektoratet;;pl;barn;Technika karmienia piersią;;https://www.helsenorge.no/pl/barn/spedbarnsmat-og-amming/alt-om-spedbarnsmat/amming/ammeteknikk/
Helsedirektoratet;;pl;barn;Wyzwania związane z karmieniem piersią;;https://www.helsenorge.no/pl/barn/spedbarnsmat-og-amming/alt-om-spedbarnsmat/amming/ammeutfordringer/
Helsedirektoratet;;pl;barn;Karmienie piersią w pierwszych dniach po porodzie;;https://www.helsenorge.no/pl/barn/spedbarnsmat-og-amming/alt-om-spedbarnsmat/amming/amming-etter-fodsel/
Helsedirektoratet;;pl;barn;Częściowe karmienie piersią;;https://www.helsenorge.no/pl/barn/spedbarnsmat-og-amming/alt-om-spedbarnsmat/amming/delamming/
Helsedirektoratet;;pl;barn;Ręczne i mechaniczne odciąganie pokarmu ;;https://www.helsenorge.no/pl/barn/spedbarnsmat-og-amming/alt-om-spedbarnsmat/amming/handmelking-og-pumping-pl/
Helsedirektoratet;;pl;barn;Skład pokarmu matki a korzyści zdrowotne;;https://www.helsenorge.no/pl/barn/spedbarnsmat-og-amming/alt-om-spedbarnsmat/amming/hvorfor-amme-og-hvor-lenge/
Helsedirektoratet;;pl;barn;Mat og drikke når du ammer;;https://www.helsenorge.no/pl/barn/spedbarnsmat-og-amming/alt-om-spedbarnsmat/amming/mat-og-drikke/
Helsedirektoratet;;pl;barn;Jak zwiększyć ilość mleka matki?;;https://www.helsenorge.no/pl/barn/spedbarnsmat-og-amming/alt-om-spedbarnsmat/amming/melkeproduksjon/
Helsedirektoratet;;pl;barn;Czy twoje dziecko otrzymuje wystarczającą ilość mleka? ;;https://www.helsenorge.no/pl/barn/spedbarnsmat-og-amming/alt-om-spedbarnsmat/amming/nok-morsmelk/
Helsedirektoratet;;pl;barn;Przechowywanie mleka matki ;;https://www.helsenorge.no/pl/barn/spedbarnsmat-og-amming/alt-om-spedbarnsmat/amming/oppbevare-morsmelk/
Helsedirektoratet;;pl;barn;Jedzenie i picie w pierwszym roku życia;;https://www.helsenorge.no/pl/barn/spedbarnsmat-og-amming/alt-om-spedbarnsmat/fast-fode/forste-ar/
Helsedirektoratet;;pl;barn;Pożywienie powinno dostarczać odpowiedniej ilości żelaza i witaminy C;;https://www.helsenorge.no/pl/barn/spedbarnsmat-og-amming/alt-om-spedbarnsmat/fast-fode/jern-og-c-vitamin/
Helsedirektoratet;;pl;barn;Wprowadzanie pokarmów stałych;;https://www.helsenorge.no/pl/barn/spedbarnsmat-og-amming/alt-om-spedbarnsmat/fast-fode/starte-med-fast-fode/
Helsedirektoratet;;pl;barn;Jak karmić dziecko przy pomocy butelki, kubka lub nakładki wspomagającej karmienie piersią. ;;https://www.helsenorge.no/pl/barn/spedbarnsmat-og-amming/alt-om-spedbarnsmat/mate-barnet/
Helsedirektoratet;;pl;barn;Przygotowanie i przechowywanie mleka modyfikowanego;;https://www.helsenorge.no/pl/barn/spedbarnsmat-og-amming/alt-om-spedbarnsmat/morsmelkerstatning-video/tilberede-og-oppbevare/
Helsedirektoratet;;pl;barn;Jak czyścić i gotować (sterylizować) butelki;;https://www.helsenorge.no/pl/barn/spedbarnsmat-og-amming/alt-om-spedbarnsmat/rengjore-utstyr/
Helsedirektoratet;;pl;barn;Trawienie i stolec u niemowląt;;https://www.helsenorge.no/pl/barn/spedbarnsmat-og-amming/alt-om-spedbarnsmat/spedbarnsbaesj/
Helsedirektoratet;;pl;barn;Suplementacja;;https://www.helsenorge.no/pl/barn/spedbarnsmat-og-amming/alt-om-spedbarnsmat/vitamintilskudd/
Helsedirektoratet;;pl;barn;Rozwój mowy u dzieci;;https://www.helsenorge.no/pl/barn/sprakutvikling-hos-barn/
Helsedirektoratet;;ru;barn;Развитие речи у детей;;https://www.helsenorge.no/ru/barn/sprakutvikling-hos-barn/
Helsedirektoratet;;se;barn;Biebmu ja juhkan vuosttaš eallinjagis;;https://www.helsenorge.no/se/barn/spedbarnsmat-og-amming/alt-om-spedbarnsmat/fast-fode/forste-ar/
Helsedirektoratet;;se;barn;Oaččo doarvái ruovddi ja C-vitamiinna biepmuide;;https://www.helsenorge.no/se/barn/spedbarnsmat-og-amming/alt-om-spedbarnsmat/fast-fode/jern-og-c-vitamin/
Helsedirektoratet;;se;barn;Álggahit dábálaš biepmuin;;https://www.helsenorge.no/se/barn/spedbarnsmat-og-amming/alt-om-spedbarnsmat/fast-fode/starte-med-fast-fode/
Helsedirektoratet;;se;barn;Movt njamahit máná bohtalin, gohpuin dahje veahkkečiččiin;;https://www.helsenorge.no/se/barn/spedbarnsmat-og-amming/alt-om-spedbarnsmat/mate-barnet/
Helsedirektoratet;;se;barn;Ráhkadit ja vurkkodit eatnimielkeduotti;;https://www.helsenorge.no/se/barn/spedbarnsmat-og-amming/alt-om-spedbarnsmat/morsmelkerstatning-video/tilberede-og-oppbevare/
Helsedirektoratet;;se;barn;Doallanvuoigit;;https://www.helsenorge.no/se/barn/spedbarnsmat-og-amming/alt-om-spedbarnsmat/njamaheapmi/ammestillinger/
Helsedirektoratet;;se;barn;Njamahanteknihkka;;https://www.helsenorge.no/se/barn/spedbarnsmat-og-amming/alt-om-spedbarnsmat/njamaheapmi/ammeteknikk/
Helsedirektoratet;;se;barn;Njamahanhástalusat;;https://www.helsenorge.no/se/barn/spedbarnsmat-og-amming/alt-om-spedbarnsmat/njamaheapmi/ammeutfordringer/
Helsedirektoratet;;se;barn;Njamaheapmi daid vuosttaš beivviid maŋŋil riegádeami;;https://www.helsenorge.no/se/barn/spedbarnsmat-og-amming/alt-om-spedbarnsmat/njamaheapmi/amming-etter-fodsel/
Helsedirektoratet;;se;barn;Oassenjamaheapmi;;https://www.helsenorge.no/se/barn/spedbarnsmat-og-amming/alt-om-spedbarnsmat/njamaheapmi/delamming/
Helsedirektoratet;;se;barn;Oažžu go mánná doarvái čižžemielki?;;https://www.helsenorge.no/se/barn/spedbarnsmat-og-amming/alt-om-spedbarnsmat/njamaheapmi/far-barnet-nok-morsmelk/
Helsedirektoratet;;se;barn;Giehtabohččin ja bumpen;;https://www.helsenorge.no/se/barn/spedbarnsmat-og-amming/alt-om-spedbarnsmat/njamaheapmi/handmelking-og-pumping/
Helsedirektoratet;;se;barn;Čižžemielkki sisdoallu ja dearvvašvuođaovdamunit;;https://www.helsenorge.no/se/barn/spedbarnsmat-og-amming/alt-om-spedbarnsmat/njamaheapmi/hvorfor-amme-og-hvor-lenge/
Helsedirektoratet;;se;barn;Biebmu ja jugus go njamahat;;https://www.helsenorge.no/se/barn/spedbarnsmat-og-amming/alt-om-spedbarnsmat/njamaheapmi/mat-og-drikke/
Helsedirektoratet;;se;barn;Mot oažžut eanet čižžemielkkin;;https://www.helsenorge.no/se/barn/spedbarnsmat-og-amming/alt-om-spedbarnsmat/njamaheapmi/melkeproduksjon/
Helsedirektoratet;;se;barn;Čižžemielkki vurken ja rádjan;;https://www.helsenorge.no/se/barn/spedbarnsmat-og-amming/alt-om-spedbarnsmat/njamaheapmi/oppbevare-morsmelk/
Helsedirektoratet;;se;barn;Movt ráidnet ja duolddahit (steriliseret) bohttaliid;;https://www.helsenorge.no/se/barn/spedbarnsmat-og-amming/alt-om-spedbarnsmat/rengjore-utstyr/
Helsedirektoratet;;se;barn;Suolbmudeapmi ja njuoratmánábaika;;https://www.helsenorge.no/se/barn/spedbarnsmat-og-amming/alt-om-spedbarnsmat/spedbarnsbaesj/
Helsedirektoratet;;se;barn;Lasáhusat;;https://www.helsenorge.no/se/barn/spedbarnsmat-og-amming/alt-om-spedbarnsmat/vitamintilskudd/
Helsedirektoratet;;se;barn;Mánáid giellaovdáneapmi;;https://www.helsenorge.no/se/barn/sprakutvikling-hos-barn/
Helsedirektoratet;;so;barn;Qaabka ilmaha luqadda u bartaan;;https://www.helsenorge.no/so/barn/sprakutvikling-hos-barn/
Helsedirektoratet;;sw;barn;Ukuzaji wa lugha kwa watoto;;https://www.helsenorge.no/sw/barn/sprakutvikling-hos-barn/
Helsedirektoratet;;th;barn;พัฒนาการทางภาษาของเด็ก ;;https://www.helsenorge.no/th/barn/sprakutvikling-hos-barn/
Helsedirektoratet;;ti;barn;ምዕባለ ቛንቋ ኣብ ቈልዑ;;https://www.helsenorge.no/ti/barn/sprakutvikling-hos-barn/
Helsedirektoratet;;uk;barn;Розвиток мови у дітей;;https://www.helsenorge.no/uk/barn/sprakutvikling-hos-barn/
Helsedirektoratet;;ur;barn;بچوں میں زبان کی نشوونما;;https://www.helsenorge.no/ur/barn/sprakutvikling-hos-barn/
Helsedirektoratet;;en;childbirth;Epidural and other pain relief during labour in Norway;;https://www.helsenorge.no/en/childbirth/epidural-and-pain-relief-during-labour/
Helsedirektoratet;;en;childbirth;Planned home birth in Norway;;https://www.helsenorge.no/en/childbirth/planned-home-birth/
Helsedirektoratet;;en;childbirth;Where and how to have your baby in Norway - your options;;https://www.helsenorge.no/en/childbirth/where-and-how-to-have-your-baby/
Helsedirektoratet;;en;choosing-a-treatment-centre;Choosing a treatment centre - from referral to treatment;;https://www.helsenorge.no/en/choosing-a-treatment-centre/from-referral-to-treatment/
Helsedirektoratet;;en;choosing-a-treatment-centre;Get help choosing a treatment centre in Norway;;https://www.helsenorge.no/en/choosing-a-treatment-centre/get-help-choosing-a-treatment-centre/
Helsedirektoratet;;en;choosing-a-treatment-centre;Waiting times for investigation and treatment in Norway;;https://www.helsenorge.no/en/choosing-a-treatment-centre/waiting-times-for-investigation-and-treatment/
Helsedirektoratet;oslo-university-hospital;en;clinical-trials;What are clinical trials?;;https://www.helsenorge.no/en/clinical-trials/about/
Helsedirektoratet;oslo-university-hospital;en;clinical-trials;"Clinical trials – Terms and participant rights in Norway
";;https://www.helsenorge.no/en/clinical-trials/clinical-trials-terms-and-participant-rights/
Helsedirektoratet;;ur;coronavirus;آپ کے لیے تجاویز اور مشورے جنہیں COVID-19 کے بعد دیر تک رہنے والے اثرات کا سامنا ہے;;https://www.helsenorge.no/ur/coronavirus/materiell-fra-who/
Helsedirektoratet;;ar;doden;علاقة القرابة بشخص مصاب بمرض عضال ;;https://www.helsenorge.no/ar/doden/a-vare-parorende-til-en-som-er-uhelbredelig-syk/
Helsedirektoratet;;en;doden;Incurable illness - advice for next of kin;;https://www.helsenorge.no/en/doden/Being-the-next-of-kin-to-someone-who-is-terminally-ill/
Helsedirektoratet;;pl;doden;Bycie najbliższym osoby nieuleczalnie chorej ;;https://www.helsenorge.no/pl/doden/a-vare-parorende-til-en-som-er-uhelbredelig-syk/
Helsedirektoratet;;ru;doden;Для близких неизлечимо больного человека;;https://www.helsenorge.no/ru/doden/a-vare-parorende-til-en-som-er-uhelbredelig-syk/
Helsedirektoratet;;se;doden;Leahkit oapmahažžan buorránmeahttun buohcci olbmui;;https://www.helsenorge.no/se/doden/a-vare-parorende-til-en-som-er-uhelbredelig-syk/
Helsedirektoratet;;uk;doden;Бути найближчим родичем невиліковно хворої людини;;https://www.helsenorge.no/uk/doden/a-vare-parorende-til-en-som-er-uhelbredelig-syk/
Helsedirektoratet;;en;etter-fodsel;Follow-up care during the post-natal period;;https://www.helsenorge.no/en/etter-fodsel/follow-up-care-during-the-post-natal-period/
Helsedirektoratet;;en;etter-fodsel;Newborn screening and examination in Norway;;https://www.helsenorge.no/en/etter-fodsel/newborn-screening-and-examination/
Helsedirektoratet;;en;etter-fodsel;Sex etter fødsel;;https://www.helsenorge.no/en/etter-fodsel/sex-etter-fodsel/
Helsedirektoratet;;nn;etter-fodsel;Barsel og oppfølging etter fødsel;2023-01-13;https://www.helsenorge.no/nn/etter-fodsel/barsel-og-oppfolging-etter-fodsel/
Helsedirektoratet;;nn;fodsel;Fødeplass og fødetilbud - slik velger du;2023-01-30;https://www.helsenorge.no/nn/fodsel/fodeplass-og-fodetilbud---slik-far-du-det/
Helsedirektoratet;;en;foreigners-in-norway;"Healthcare for persons without legal residence in Norway
";;https://www.helsenorge.no/en/foreigners-in-norway/healthcare-for-persons-without-legal-residence/
Helsedirektoratet;;en;foreigners-in-norway;When you arrive in Norway as a refugee;;https://www.helsenorge.no/en/foreigners-in-norway/refugees-and-asylum-seekers/upon-arrival-in-Norway/
Helsedirektoratet;;en;foreigners-in-norway;Your health rights as a refugee or asylum seeker in Norway;;https://www.helsenorge.no/en/foreigners-in-norway/refugees-and-asylum-seekers/your-health-rights-as-refugee/
Helsedirektoratet;;en;foreigners-in-norway;Healthcare for those who visit Norway without applying for protection (asylum);;https://www.helsenorge.no/en/foreigners-in-norway/visitors-visa-or-visa-free/
Helsedirektoratet;;en;forstehjelp;Safety for newborns and young children;;https://www.helsenorge.no/en/forstehjelp/safety-for-newborns-and-young-children/
Helsedirektoratet;;en;gp;Preparing for an appointment with your GP;;https://www.helsenorge.no/en/gp/about-gp/preparing-for-an-appointment-with-your-gp/
Helsedirektoratet;;nn;gravid;Gravid veke 4 og 5;2025-05-09;https://www.helsenorge.no/nn/gravid/gravid-uke-for-uke/gravid-fra-uke-4-og-5/
Helsedirektoratet;;nn;gravid;Gravid veke 1 til 3;2025-11-25;https://www.helsenorge.no/nn/gravid/gravid-uke-for-uke/gravid-uke-1-til-3/
Helsedirektoratet;;nn;gravid;Gravid veke 10;2025-11-25;https://www.helsenorge.no/nn/gravid/gravid-uke-for-uke/gravid-uke-10/
Helsedirektoratet;;nn;gravid;Gravid veke 11;2025-11-25;https://www.helsenorge.no/nn/gravid/gravid-uke-for-uke/gravid-uke-11/
Helsedirektoratet;;nn;gravid;Gravid veke 12;2025-11-25;https://www.helsenorge.no/nn/gravid/gravid-uke-for-uke/gravid-uke-12/
Helsedirektoratet;;nn;gravid;Gravid uke 13, 14, 15, 16 og 17;2025-05-09;https://www.helsenorge.no/nn/gravid/gravid-uke-for-uke/gravid-uke-13/
Helsedirektoratet;;nn;gravid;Gravid veke 14;2025-11-25;https://www.helsenorge.no/nn/gravid/gravid-uke-for-uke/gravid-uke-14/
Helsedirektoratet;;nn;gravid;Gravid veke 15;2025-05-09;https://www.helsenorge.no/nn/gravid/gravid-uke-for-uke/gravid-uke-15/
Helsedirektoratet;;nn;gravid;Gravid veke 16;2025-11-25;https://www.helsenorge.no/nn/gravid/gravid-uke-for-uke/gravid-uke-16/
Helsedirektoratet;;nn;gravid;Gravid veke 17;2025-11-25;https://www.helsenorge.no/nn/gravid/gravid-uke-for-uke/gravid-uke-17/
Helsedirektoratet;;nn;gravid;Gravid veke 18;2025-05-08;https://www.helsenorge.no/nn/gravid/gravid-uke-for-uke/gravid-uke-18/
Helsedirektoratet;;nn;gravid;Gravid veke 19;2025-11-25;https://www.helsenorge.no/nn/gravid/gravid-uke-for-uke/gravid-uke-19/
Helsedirektoratet;;nn;gravid;Gravid veke 20;2025-11-25;https://www.helsenorge.no/nn/gravid/gravid-uke-for-uke/gravid-uke-20/
Helsedirektoratet;;nn;gravid;Gravid uke 21 til 23;2025-05-08;https://www.helsenorge.no/nn/gravid/gravid-uke-for-uke/gravid-uke-21/
Helsedirektoratet;;nn;gravid;Gravid veke 22;2025-11-25;https://www.helsenorge.no/nn/gravid/gravid-uke-for-uke/gravid-uke-22/
Helsedirektoratet;;nn;gravid;Gravid veke 23;2025-11-25;https://www.helsenorge.no/nn/gravid/gravid-uke-for-uke/gravid-uke-23/
Helsedirektoratet;;nn;gravid;Gravid uke 24 til 26;2025-05-08;https://www.helsenorge.no/nn/gravid/gravid-uke-for-uke/gravid-uke-24/
Helsedirektoratet;;nn;gravid;Gravid veke 25;2025-11-25;https://www.helsenorge.no/nn/gravid/gravid-uke-for-uke/gravid-uke-25/
Helsedirektoratet;;nn;gravid;Gravid veke 26;2025-11-25;https://www.helsenorge.no/nn/gravid/gravid-uke-for-uke/gravid-uke-26/
Helsedirektoratet;;nn;gravid;Gravid uke 27 og 28;2025-05-08;https://www.helsenorge.no/nn/gravid/gravid-uke-for-uke/gravid-uke-27/
Helsedirektoratet;;nn;gravid;Gravid veke 28;2025-11-25;https://www.helsenorge.no/nn/gravid/gravid-uke-for-uke/gravid-uke-28/
Helsedirektoratet;;nn;gravid;Gravid uke 29, 30, 31, 32, 33, 34 og 35;2025-05-08;https://www.helsenorge.no/nn/gravid/gravid-uke-for-uke/gravid-uke-29/
Helsedirektoratet;;nn;gravid;Gravid veke 30;2025-11-25;https://www.helsenorge.no/nn/gravid/gravid-uke-for-uke/gravid-uke-30/
Helsedirektoratet;;nn;gravid;Gravid veke 31;2025-11-25;https://www.helsenorge.no/nn/gravid/gravid-uke-for-uke/gravid-uke-31/
Helsedirektoratet;;nn;gravid;Gravid veke 32;2025-11-25;https://www.helsenorge.no/nn/gravid/gravid-uke-for-uke/gravid-uke-32/
Helsedirektoratet;;nn;gravid;Gravid uke 29, 30, 31, 32, 33, 34 og 35;2025-05-08;https://www.helsenorge.no/nn/gravid/gravid-uke-for-uke/gravid-uke-33/
Helsedirektoratet;;nn;gravid;Gravid veke 34;2025-11-25;https://www.helsenorge.no/nn/gravid/gravid-uke-for-uke/gravid-uke-34/
Helsedirektoratet;;nn;gravid;Gravid veke 35;2025-11-25;https://www.helsenorge.no/nn/gravid/gravid-uke-for-uke/gravid-uke-35/
Helsedirektoratet;;nn;gravid;Gravid uke 36 til 38;2025-05-08;https://www.helsenorge.no/nn/gravid/gravid-uke-for-uke/gravid-uke-36/
Helsedirektoratet;;nn;gravid;Gravid uke 39 til 42;2025-05-08;https://www.helsenorge.no/nn/gravid/gravid-uke-for-uke/gravid-uke-37-til-42/
Helsedirektoratet;;nn;gravid;Gravid uke 6, 7 og 8;2025-05-08;https://www.helsenorge.no/nn/gravid/gravid-uke-for-uke/gravid-uke-6/
Helsedirektoratet;;nn;gravid;Gravid veke 7;2025-11-25;https://www.helsenorge.no/nn/gravid/gravid-uke-for-uke/gravid-uke-7/
Helsedirektoratet;;nn;gravid;Gravid veke 8;2025-11-25;https://www.helsenorge.no/nn/gravid/gravid-uke-for-uke/gravid-uke-8/
Helsedirektoratet;;nn;gravid;Gravid uke 9 til 12;2025-05-08;https://www.helsenorge.no/nn/gravid/gravid-uke-for-uke/gravid-uke-9/
Helsedirektoratet;;nn;gravid;Kosthold for gravide;2023-11-21;https://www.helsenorge.no/nn/gravid/kosthold-for-gravide/
Helsedirektoratet;;nn;gravid;Mat og drikke gravide bør unngå;2023-08-02;https://www.helsenorge.no/nn/gravid/mat-og-drikke-gravide-bor-unnga/
Helsedirektoratet;;nn;gravid;Svangerskapskonsultasjoner;2025-01-01;https://www.helsenorge.no/nn/gravid/svangerskapskonsultasjoner/
Helsedirektoratet;;nn;gravid;Vanlige plager under graviditeten;2023-02-09;https://www.helsenorge.no/nn/gravid/vanlige-plager-under-graviditeten/
Helsedirektoratet;;en;health-rights-in-norway;Child coordinator ;;https://www.helsenorge.no/en/health-rights-in-norway/barnekoordinator/
Helsedirektoratet;;en;health-rights-in-norway;Change of legal gender in Norway;;https://www.helsenorge.no/en/health-rights-in-norway/change-of-legal-gender/
Helsedirektoratet;;en;health-rights-in-norway;Information for people who were conceived using a donor in Norway;;https://www.helsenorge.no/en/health-rights-in-norway/conceived-using-a-donor/
Helsedirektoratet;;en;health-rights-in-norway;Driving licence and health requirements in Norway;;https://www.helsenorge.no/en/health-rights-in-norway/driving-licence-and-health-requirements/
Helsedirektoratet;;en;health-rights-in-norway;Duty of confidentiality in Norway;;https://www.helsenorge.no/en/health-rights-in-norway/duty-of-confidentiality/
Helsedirektoratet;;en;health-rights-in-norway;Healthcare rights in Norway;;https://www.helsenorge.no/en/health-rights-in-norway/health-care-rights/
Helsedirektoratet;;en;health-rights-in-norway;Healthcare rights for children and adolescents in Norway;;https://www.helsenorge.no/en/health-rights-in-norway/healthcare-rights-for-children-and-adolescents/
Helsedirektoratet;;en;health-rights-in-norway;Individual care plan and coordinator in Norway;;https://www.helsenorge.no/en/health-rights-in-norway/individual-care-plan-and-coordinator/
Helsedirektoratet;;en;health-rights-in-norway;Interpreter in the health services in Norway;;https://www.helsenorge.no/en/health-rights-in-norway/interpreter/
Helsedirektoratet;;en;health-rights-in-norway;Right to a contact physician in Norway;;https://www.helsenorge.no/en/health-rights-in-norway/right-to-a-contact-physician/
Helsedirektoratet;;en;health-rights-in-norway;Right to a binding deadline;;https://www.helsenorge.no/en/health-rights-in-norway/sykehus-og-spesialist/rett-til-bindende-frist/
Helsedirektoratet;;en;health-rights-in-norway;Entitlement to re-assessment;;https://www.helsenorge.no/en/health-rights-in-norway/sykehus-og-spesialist/rett-til-fornyet-vurdering/
Helsedirektoratet;;en;health-rights-in-norway;Right to treatment in the specialist health service;;https://www.helsenorge.no/en/health-rights-in-norway/sykehus-og-spesialist/rett-til-nodvendig-helsehjelp/
Helsedirektoratet;;en;healthcare-providers;Physiotherapy in Norway;;https://www.helsenorge.no/en/healthcare-providers/physiotherapy/
Helsedirektoratet;;en;help-services-in-the-municipalities;Care benefit in Norway;;https://www.helsenorge.no/en/help-services-in-the-municipalities/care-benefit/
Helsedirektoratet;;en;help-services-in-the-municipalities;Carer certificate in Norway;;https://www.helsenorge.no/en/help-services-in-the-municipalities/carer-certificate/
Helsedirektoratet;;en;help-services-in-the-municipalities;Children's homes, nursing homes and other housing services in Norway;;https://www.helsenorge.no/en/help-services-in-the-municipalities/childrens-homes-nursing-homes-and-other-housing-services/
Helsedirektoratet;;en;help-services-in-the-municipalities;Day activities in Norway;;https://www.helsenorge.no/en/help-services-in-the-municipalities/day-activities/
Helsedirektoratet;;en;help-services-in-the-municipalities;Habilitation and rehabilitation in Norway;;https://www.helsenorge.no/en/help-services-in-the-municipalities/habilitation-and-rehabilitation/
Helsedirektoratet;;en;help-services-in-the-municipalities;Healthy Life Centres in Norway;;https://www.helsenorge.no/en/help-services-in-the-municipalities/healthy-life-centres/
Helsedirektoratet;;en;help-services-in-the-municipalities;Health centres for adolescents in Norway (HFU);;https://www.helsenorge.no/en/help-services-in-the-municipalities/helsestasjon-for-ungdom-hfu/
Helsedirektoratet;;en;help-services-in-the-municipalities;Healthcare services in the home;;https://www.helsenorge.no/en/help-services-in-the-municipalities/home-nursing-and-other-healthcare-services-in-the-home/
Helsedirektoratet;;en;help-services-in-the-municipalities;Infant healthcare programme, age 0-5 years;;https://www.helsenorge.no/en/help-services-in-the-municipalities/infant-healthcare-programme-age-0-5-years/
Helsedirektoratet;;en;help-services-in-the-municipalities;Child checkups in Norway: 10 months;;https://www.helsenorge.no/en/help-services-in-the-municipalities/infant-healthcare-programme-age-0-5-years/10-months-checkup/
Helsedirektoratet;;en;help-services-in-the-municipalities;Child checkups in Norway: one year;;https://www.helsenorge.no/en/help-services-in-the-municipalities/infant-healthcare-programme-age-0-5-years/12-months-checkup/
Helsedirektoratet;;en;help-services-in-the-municipalities;Child checkups in Norway: 15 months;;https://www.helsenorge.no/en/help-services-in-the-municipalities/infant-healthcare-programme-age-0-5-years/15-months-checkup/
Helsedirektoratet;;en;help-services-in-the-municipalities;Child checkups in Norway: 17 to 18 months;;https://www.helsenorge.no/en/help-services-in-the-municipalities/infant-healthcare-programme-age-0-5-years/17-18-months-checkup/
Helsedirektoratet;;en;help-services-in-the-municipalities;Child checkups in Norway: 3 months;;https://www.helsenorge.no/en/help-services-in-the-municipalities/infant-healthcare-programme-age-0-5-years/3-months-checkup/
Helsedirektoratet;;en;help-services-in-the-municipalities;Child checkups in Norway: 4 months;;https://www.helsenorge.no/en/help-services-in-the-municipalities/infant-healthcare-programme-age-0-5-years/4-months-checkup/
Helsedirektoratet;;en;help-services-in-the-municipalities;Child checkups in Norway: 4 weeks;;https://www.helsenorge.no/en/help-services-in-the-municipalities/infant-healthcare-programme-age-0-5-years/4-weeks-checkup/
Helsedirektoratet;;en;help-services-in-the-municipalities;Child checkups in Norway: 5 months;;https://www.helsenorge.no/en/help-services-in-the-municipalities/infant-healthcare-programme-age-0-5-years/5-months-checkup/
Helsedirektoratet;;en;help-services-in-the-municipalities;Child checkups in Norway: 6 months;;https://www.helsenorge.no/en/help-services-in-the-municipalities/infant-healthcare-programme-age-0-5-years/6-months-checkup/
Helsedirektoratet;;en;help-services-in-the-municipalities;Child checkups in Norway: 6 weeks;;https://www.helsenorge.no/en/help-services-in-the-municipalities/infant-healthcare-programme-age-0-5-years/6-weeks-checkup/
Helsedirektoratet;;en;help-services-in-the-municipalities;Child checkups in Norway: 8 months;;https://www.helsenorge.no/en/help-services-in-the-municipalities/infant-healthcare-programme-age-0-5-years/8-months-checkup/
Helsedirektoratet;;en;help-services-in-the-municipalities;Child checkups in Norway: 4 years;;https://www.helsenorge.no/en/help-services-in-the-municipalities/infant-healthcare-programme-age-0-5-years/four-year-checkup/
Helsedirektoratet;;en;help-services-in-the-municipalities;Child checkups in Norway: Home visit after the birth;;https://www.helsenorge.no/en/help-services-in-the-municipalities/infant-healthcare-programme-age-0-5-years/home-visit-7-10-days-after-the-birth/
Helsedirektoratet;;en;help-services-in-the-municipalities;Child checkups in Norway: 2 years;;https://www.helsenorge.no/en/help-services-in-the-municipalities/infant-healthcare-programme-age-0-5-years/two-year-checkup/
Helsedirektoratet;;en;help-services-in-the-municipalities;Out-of-hours medical service in Norway (legevakt);;https://www.helsenorge.no/en/help-services-in-the-municipalities/out-of-hours-medical-service/
Helsedirektoratet;;en;help-services-in-the-municipalities;Personal security alarm in Norway;;https://www.helsenorge.no/en/help-services-in-the-municipalities/personal-security-alarms/
Helsedirektoratet;;en;help-services-in-the-municipalities;Personal support contact in Norway;;https://www.helsenorge.no/en/help-services-in-the-municipalities/personal-support-contact/
Helsedirektoratet;;en;help-services-in-the-municipalities;Practical assistance in Norway;;https://www.helsenorge.no/en/help-services-in-the-municipalities/practical-assistance-and-training/
Helsedirektoratet;;en;help-services-in-the-municipalities;Respite care scheme in Norway;;https://www.helsenorge.no/en/help-services-in-the-municipalities/respite-care-scheme/
Helsedirektoratet;;en;help-services-in-the-municipalities;The school health service in Norway;;https://www.helsenorge.no/en/help-services-in-the-municipalities/school-health-service/
Helsedirektoratet;;en;help-services-in-the-municipalities;User-controlled personal assistance in Norway;;https://www.helsenorge.no/en/help-services-in-the-municipalities/user-controlled-personal-assistance/
Helsedirektoratet;;en;helse-og-miljo;Head lice;;https://www.helsenorge.no/en/helse-og-miljo/insekter-og-skadedyr/head-lice/
Helsedirektoratet;;se;hjelpetilbud-i-kommunene;Veajuiduhttin ja fámuiduhttin;;https://www.helsenorge.no/se/hjelpetilbud-i-kommunene/habilitering-og-rehabilitering/
Helsedirektoratet;;se;koronavirus-sami;Tipsat ja rávvagat dutnje geas leat váttut maŋŋá covid-19;;https://www.helsenorge.no/se/koronavirus-sami/videoer-fra-who/
Helsedirektoratet;;ar;kosthold-og-ernaring;نصائح غذائية ;;https://www.helsenorge.no/ar/kosthold-og-ernaring/kostradene/
Helsedirektoratet;;en;kosthold-og-ernaring;Dietary guidelines ;;https://www.helsenorge.no/en/kosthold-og-ernaring/dietary-guidelines/
Helsedirektoratet;;en;kosthold-og-ernaring;Keyhole for healthy food;;https://www.helsenorge.no/en/kosthold-og-ernaring/keyhole-healthy-food/
Helsedirektoratet;;en;kosthold-og-ernaring;Vegetarian and vegan food for infants;;https://www.helsenorge.no/en/kosthold-og-ernaring/vegetarisk-kosthold/infants-0-1-years/
Helsedirektoratet;;pl;kosthold-og-ernaring;Zalecenia żywieniowe;;https://www.helsenorge.no/pl/kosthold-og-ernaring/kostradene/
Helsedirektoratet;;se;kosthold-og-ernaring;Biebmorávvagat;;https://www.helsenorge.no/se/kosthold-og-ernaring/kostradene/
Helsedirektoratet;;so;kosthold-og-ernaring;Talooyinka cuntada iyo nafaqada;;https://www.helsenorge.no/so/kosthold-og-ernaring/kostradene/
Helsedirektoratet;;uk;kosthold-og-ernaring;Рекомендації щодо харчування;;https://www.helsenorge.no/uk/kosthold-og-ernaring/kostradene/
Helsedirektoratet;;ur;kosthold-og-ernaring;خوراک کے متعلق مشورے ;;https://www.helsenorge.no/ur/kosthold-og-ernaring/kostradene/
Helsedirektoratet;;en;parorende;Help for carers;;https://www.helsenorge.no/en/parorende/help-for-carers/
Helsedirektoratet;;en;parorende;Services for next of kin relating to mental health and substance abuse;;https://www.helsenorge.no/en/parorende/services-for-next-of-kin-relating-to-mental-health/
Helsedirektoratet;;en;parorende;Substance abuse – Services available to next of kin;;https://www.helsenorge.no/en/parorende/substance-abuse-services-next-of-kin/
Helsedirektoratet;;en;parorende;The rights of next of kin in Norway;;https://www.helsenorge.no/en/parorende/the-rights-of-next-of-kin/
Helsedirektoratet;;ar;personvern;حقوقك عند مشاركتك للمعلومات الصحية ;;https://www.helsenorge.no/ar/personvern/delte-helseopplysninger/
Helsedirektoratet;;lt;personvern;Jūsų teisės dalijantis informacija apie sveikatą  ;;https://www.helsenorge.no/lt/personvern/delte-helseopplysninger/
Helsedirektoratet;;pl;personvern;Twoje prawa dotyczące udostępniania informacji medycznych;;https://www.helsenorge.no/pl/personvern/delte-helseopplysninger/
Helsedirektoratet;;se;personvern;Du vuoigatvuođat go dearvvašvuođadieđut juogaduvvojit;;https://www.helsenorge.no/se/personvern/delte-helseopplysninger/
Helsedirektoratet;;so;personvern;Xuquuqdaada marka la dadka kale lala wadaagayo macluumaadka caafimaadka ;;https://www.helsenorge.no/so/personvern/delte-helseopplysninger/
Helsedirektoratet;;uk;personvern;Ваші права при обміні медичними даними  ;;https://www.helsenorge.no/uk/personvern/delte-helseopplysninger/
Helsedirektoratet;;ur;personvern;صحت کی تفصیلات شیئر کرنے کے سلسلے میں آپ کے حقوق ;;https://www.helsenorge.no/ur/personvern/delte-helseopplysninger/
Helsedirektoratet;;en;pregnancy-and-maternity-care-in-norway;Exercise during pregnancy and after childbirth;;https://www.helsenorge.no/en/pregnancy-and-maternity-care-in-norway/Exercise-during-pregnancy-and-after-childbirth/
Helsedirektoratet;;en;pregnancy-and-maternity-care-in-norway;Pregnancy and alcohol in Norway;;https://www.helsenorge.no/en/pregnancy-and-maternity-care-in-norway/alcohol-and-pregnancy/
Helsedirektoratet;;en;pregnancy-and-maternity-care-in-norway;Antenatal checks and tests in Norway;;https://www.helsenorge.no/en/pregnancy-and-maternity-care-in-norway/antenatal-checks-and-tests/
Helsedirektoratet;;en;pregnancy-and-maternity-care-in-norway;Antenatal Health Card (helsekort for gravide) in Norway;;https://www.helsenorge.no/en/pregnancy-and-maternity-care-in-norway/antenatal-health-card/
Helsedirektoratet;;en;pregnancy-and-maternity-care-in-norway;Pregnancy - common ailments;;https://www.helsenorge.no/en/pregnancy-and-maternity-care-in-norway/common-ailments-during-pregnancy/
Helsedirektoratet;;en;pregnancy-and-maternity-care-in-norway;Dietary advice for pregnant women;;https://www.helsenorge.no/en/pregnancy-and-maternity-care-in-norway/dietary-advice-for-pregnant-women/
Helsedirektoratet;;en;pregnancy-and-maternity-care-in-norway;Food and drink to avoid during pregnancy;;https://www.helsenorge.no/en/pregnancy-and-maternity-care-in-norway/food-and-drink-to-avoid-during-pregnancy/
Helsedirektoratet;norwegian-institute-of-public-health;en;pregnancy-and-maternity-care-in-norway;Having children when the parents are related;;https://www.helsenorge.no/en/pregnancy-and-maternity-care-in-norway/having-children-when-the-parents-are-related/
Helsedirektoratet;;en;pregnancy-and-maternity-care-in-norway;Pregnancy week 23;;https://www.helsenorge.no/en/pregnancy-and-maternity-care-in-norway/pregnancy-week-by-week/Week-23/
Helsedirektoratet;;en;pregnancy-and-maternity-care-in-norway;Pregnancy week 35;;https://www.helsenorge.no/en/pregnancy-and-maternity-care-in-norway/pregnancy-week-by-week/gravid-uke-35/
Helsedirektoratet;;en;pregnancy-and-maternity-care-in-norway;Pregnancy week 36;;https://www.helsenorge.no/en/pregnancy-and-maternity-care-in-norway/pregnancy-week-by-week/pregnancy-weeks-36-37-and-38/
Helsedirektoratet;;en;pregnancy-and-maternity-care-in-norway;Pregnancy week 1 to 3;;https://www.helsenorge.no/en/pregnancy-and-maternity-care-in-norway/pregnancy-week-by-week/week-1-to-3/
Helsedirektoratet;;en;pregnancy-and-maternity-care-in-norway;Pregnancy week 10;;https://www.helsenorge.no/en/pregnancy-and-maternity-care-in-norway/pregnancy-week-by-week/week-10/
Helsedirektoratet;;en;pregnancy-and-maternity-care-in-norway;Pregnancy week 11;;https://www.helsenorge.no/en/pregnancy-and-maternity-care-in-norway/pregnancy-week-by-week/week-11/
Helsedirektoratet;;en;pregnancy-and-maternity-care-in-norway;Pregnancy week 12;;https://www.helsenorge.no/en/pregnancy-and-maternity-care-in-norway/pregnancy-week-by-week/week-12/
Helsedirektoratet;;en;pregnancy-and-maternity-care-in-norway;Pregnancy weeks 13 and 17;;https://www.helsenorge.no/en/pregnancy-and-maternity-care-in-norway/pregnancy-week-by-week/week-13/
Helsedirektoratet;;en;pregnancy-and-maternity-care-in-norway;Pregnancy week 14;;https://www.helsenorge.no/en/pregnancy-and-maternity-care-in-norway/pregnancy-week-by-week/week-14/
Helsedirektoratet;;en;pregnancy-and-maternity-care-in-norway;Pregnancy week 15;;https://www.helsenorge.no/en/pregnancy-and-maternity-care-in-norway/pregnancy-week-by-week/week-15/
Helsedirektoratet;;en;pregnancy-and-maternity-care-in-norway;Pregnancy week 16;;https://www.helsenorge.no/en/pregnancy-and-maternity-care-in-norway/pregnancy-week-by-week/week-16/
Helsedirektoratet;;en;pregnancy-and-maternity-care-in-norway;Pregnancy week 17 (en);;https://www.helsenorge.no/en/pregnancy-and-maternity-care-in-norway/pregnancy-week-by-week/week-17/
Helsedirektoratet;;en;pregnancy-and-maternity-care-in-norway;Pregnancy weeks 18, 19 and 20;;https://www.helsenorge.no/en/pregnancy-and-maternity-care-in-norway/pregnancy-week-by-week/week-18/
Helsedirektoratet;;en;pregnancy-and-maternity-care-in-norway;Pregnancy week 19;;https://www.helsenorge.no/en/pregnancy-and-maternity-care-in-norway/pregnancy-week-by-week/week-19/
Helsedirektoratet;;en;pregnancy-and-maternity-care-in-norway;Pregnancy week 20;;https://www.helsenorge.no/en/pregnancy-and-maternity-care-in-norway/pregnancy-week-by-week/week-20/
Helsedirektoratet;;en;pregnancy-and-maternity-care-in-norway;Pregnancy week 21;;https://www.helsenorge.no/en/pregnancy-and-maternity-care-in-norway/pregnancy-week-by-week/week-21/
Helsedirektoratet;;en;pregnancy-and-maternity-care-in-norway;Pregnancy week 22;;https://www.helsenorge.no/en/pregnancy-and-maternity-care-in-norway/pregnancy-week-by-week/week-22/
Helsedirektoratet;;en;pregnancy-and-maternity-care-in-norway;Pregnancy weeks 21 and 26;;https://www.helsenorge.no/en/pregnancy-and-maternity-care-in-norway/pregnancy-week-by-week/week-24/
Helsedirektoratet;;en;pregnancy-and-maternity-care-in-norway;Pregnancy week 25;;https://www.helsenorge.no/en/pregnancy-and-maternity-care-in-norway/pregnancy-week-by-week/week-25/
Helsedirektoratet;;en;pregnancy-and-maternity-care-in-norway;Pregnancy week 26;;https://www.helsenorge.no/en/pregnancy-and-maternity-care-in-norway/pregnancy-week-by-week/week-26/
Helsedirektoratet;;en;pregnancy-and-maternity-care-in-norway;Pregnancy weeks 27 and 28;;https://www.helsenorge.no/en/pregnancy-and-maternity-care-in-norway/pregnancy-week-by-week/week-27/
Helsedirektoratet;;en;pregnancy-and-maternity-care-in-norway;Pregnancy week 28;;https://www.helsenorge.no/en/pregnancy-and-maternity-care-in-norway/pregnancy-week-by-week/week-28/
Helsedirektoratet;;en;pregnancy-and-maternity-care-in-norway;Pregnancy weeks 29 and 35;;https://www.helsenorge.no/en/pregnancy-and-maternity-care-in-norway/pregnancy-week-by-week/week-29/
Helsedirektoratet;;en;pregnancy-and-maternity-care-in-norway;Pregnancy week 30;;https://www.helsenorge.no/en/pregnancy-and-maternity-care-in-norway/pregnancy-week-by-week/week-30/
Helsedirektoratet;;en;pregnancy-and-maternity-care-in-norway;Pregnancy week 31;;https://www.helsenorge.no/en/pregnancy-and-maternity-care-in-norway/pregnancy-week-by-week/week-31/
Helsedirektoratet;;en;pregnancy-and-maternity-care-in-norway;Pregnancy week 32;;https://www.helsenorge.no/en/pregnancy-and-maternity-care-in-norway/pregnancy-week-by-week/week-32/
Helsedirektoratet;;en;pregnancy-and-maternity-care-in-norway;Gravid uke 29, 30, 31, 32, 33, 34 og 35;;https://www.helsenorge.no/en/pregnancy-and-maternity-care-in-norway/pregnancy-week-by-week/week-33/
Helsedirektoratet;;en;pregnancy-and-maternity-care-in-norway;Pregnancy week 34;;https://www.helsenorge.no/en/pregnancy-and-maternity-care-in-norway/pregnancy-week-by-week/week-34/
Helsedirektoratet;;en;pregnancy-and-maternity-care-in-norway;Pregnancy weeks 39, 40 and 41;;https://www.helsenorge.no/en/pregnancy-and-maternity-care-in-norway/pregnancy-week-by-week/week-37-to-42/
Helsedirektoratet;;en;pregnancy-and-maternity-care-in-norway;Pregnancy weeks 6, 7 and 8;;https://www.helsenorge.no/en/pregnancy-and-maternity-care-in-norway/pregnancy-week-by-week/week-6/
Helsedirektoratet;;en;pregnancy-and-maternity-care-in-norway;Pregnancy week 7;;https://www.helsenorge.no/en/pregnancy-and-maternity-care-in-norway/pregnancy-week-by-week/week-7/
Helsedirektoratet;;en;pregnancy-and-maternity-care-in-norway;Pregnancy week 8;;https://www.helsenorge.no/en/pregnancy-and-maternity-care-in-norway/pregnancy-week-by-week/week-8/
Helsedirektoratet;;en;pregnancy-and-maternity-care-in-norway;Pregnancy weeks 9, 10, 11 and 12;;https://www.helsenorge.no/en/pregnancy-and-maternity-care-in-norway/pregnancy-week-by-week/week-9/
Helsedirektoratet;;en;pregnancy-and-maternity-care-in-norway;Pregnancy from weeks 1 to 5;;https://www.helsenorge.no/en/pregnancy-and-maternity-care-in-norway/pregnancy-week-by-week/weeks-4-and-5/
Helsedirektoratet;;en;pregnancy-and-maternity-care-in-norway;Sex during pregnancy;;https://www.helsenorge.no/en/pregnancy-and-maternity-care-in-norway/sex-during-pregnancy/
Helsedirektoratet;;en;pregnancy-and-maternity-care-in-norway;Snus, tobacco and pregnancy;;https://www.helsenorge.no/en/pregnancy-and-maternity-care-in-norway/snus-tobacco-pregnancy/
Helsedirektoratet;;en;privacy-statement;Deling av helseopplysninger;;https://www.helsenorge.no/en/privacy-statement/delte-helseopplysninger/
Helsedirektoratet;;ar;psykisk-helse;الصّحة النفسية في الأزمات ;;https://www.helsenorge.no/ar/psykisk-helse/psykisk-helse-i-kriser/
Helsedirektoratet;;ar;psykisk-helse;نصائح خاصة بمن تعرّضوا لأحداث صادمة ;;https://www.helsenorge.no/ar/psykisk-helse/rad-til-deg-som-har-opplevd-traumatiske-hendelser/
Helsedirektoratet;nasjonalt-kunnskapssenter-om-vold-og-traumatisk-stress;ar;psykisk-helse;كيف تتحدث إلى الأطفال والشباب عن الحرب والإرهاب والحوادث الخطيرة الأخرى ;;https://www.helsenorge.no/ar/psykisk-helse/snakk-med-barna-om-terror-krig/
Helsedirektoratet;;en;psykisk-helse;ABC for god psykisk helse;;https://www.helsenorge.no/en/psykisk-helse/abc-for-god-psykisk-helse/
Helsedirektoratet;;en;psykisk-helse;Do you need someone to talk to?;;https://www.helsenorge.no/en/psykisk-helse/do-you-need-someone-to-talk-to/
Helsedirektoratet;;en;psykisk-helse;Healthcare following crises, accidents and disasters in Norway;;https://www.helsenorge.no/en/psykisk-helse/help-if-you-are-struggling-with-mental-health/healthcare-crises-accidents-disasters/
Helsedirektoratet;;en;psykisk-helse;Mental health and physical activity;;https://www.helsenorge.no/en/psykisk-helse/mental-health-and-physical-activity/
Helsedirektoratet;;en;psykisk-helse;"Mental healthcare for adults in Norway
";;https://www.helsenorge.no/en/psykisk-helse/mental-healthcare-for-adults-in-norway/
Helsedirektoratet;;en;psykisk-helse;Mental healthcare for children and adolescents in Norway;;https://www.helsenorge.no/en/psykisk-helse/mental-healthcare-for-children-and-adolescents/
Helsedirektoratet;;en;psykisk-helse;What is the patient pathway for mental health and substance abuse?;;https://www.helsenorge.no/en/psykisk-helse/patient-pathway-for-mental-health-and-substance-abuse/
Helsedirektoratet;;en;psykisk-helse;"Psychologist in Norway
";;https://www.helsenorge.no/en/psykisk-helse/psychologist-in-norway/
Helsedirektoratet;nasjonalt-senter-for-selvmordsforskning-og-forebygging-;en;psykisk-helse;Suicidal thoughts and suicide;;https://www.helsenorge.no/en/psykisk-helse/suicidal-thoughts-and-suicide/
Helsedirektoratet;nasjonalt-senter-for-selvmordsforskning-og-forebygging-;en;psykisk-helse;Are you worried someone you know will commit suicide?;;https://www.helsenorge.no/en/psykisk-helse/suicidal-thoughts-and-suicide/how-to-help-others/
Helsedirektoratet;nasjonalt-senter-for-selvmordsforskning-og-forebygging-;en;psykisk-helse;Advice if you have suicidal thoughts;;https://www.helsenorge.no/en/psykisk-helse/suicidal-thoughts-and-suicide/how-to-help-yourself/
Helsedirektoratet;nasjonalt-kunnskapssenter-om-vold-og-traumatisk-stress;en;psykisk-helse;How to talk to children about war, terrorist attacks and other serious incidents;;https://www.helsenorge.no/en/psykisk-helse/talk-to-children-and-young-people-about-war-terrorist-attacks-other-serious-incidents/
Helsedirektoratet;;en;psykisk-helse;Traumatising events - advice for those previously exposed;;https://www.helsenorge.no/en/psykisk-helse/traumatising-events/
Helsedirektoratet;;fa;psykisk-helse;سلامت روان در بحران‌ها ;;https://www.helsenorge.no/fa/psykisk-helse/psykisk-helse-i-kriser/
Helsedirektoratet;;fa;psykisk-helse;توصیه‌هایی برای شما که رویدادهای آسیب‌زا را تجربه کرده‌اید ;;https://www.helsenorge.no/fa/psykisk-helse/rad-til-deg-som-har-opplevd-traumatiske-hendelser/
Helsedirektoratet;nasjonalt-kunnskapssenter-om-vold-og-traumatisk-stress;fa;psykisk-helse;این‌گونه می‌توانید با کودکان و نوجوانان دربارهٔ جنگ، ترور و دیگر رویدادهای جدی صحبت کنید ;;https://www.helsenorge.no/fa/psykisk-helse/snakk-med-barna-om-terror-krig/
Helsedirektoratet;;ku;psykisk-helse;تەندروستی دەروونی لە کاتی قەیراندا ;;https://www.helsenorge.no/ku/psykisk-helse/psykisk-helse-i-kriser/
Helsedirektoratet;;ku;psykisk-helse;ئامۆژگاری بۆ ئەتۆ کە تووشی ڕووداوی زەبر و زەنگ بوویت;;https://www.helsenorge.no/ku/psykisk-helse/rad-til-deg-som-har-opplevd-traumatiske-hendelser/
Helsedirektoratet;nasjonalt-kunnskapssenter-om-vold-og-traumatisk-stress;ku;psykisk-helse;چۆنیەتی قسەکردن لەگەڵ منداڵان و گەنجان لەسەر شەڕ و تیرۆر و ڕووداوە جددیەکانی تر ;;https://www.helsenorge.no/ku/psykisk-helse/snakk-med-barna-om-terror-krig/
Helsedirektoratet;nasjonalt-senter-for-selvmordsforskning-og-forebygging-;ru;psykisk-helse;Суицидальные мысли и суицид;;https://www.helsenorge.no/ru/psykisk-helse/selvmordstanker-og-selvmord/
Helsedirektoratet;nasjonalt-senter-for-selvmordsforskning-og-forebygging-;ru;psykisk-helse;Как помочь близкому человеку с суицидальными мыслями;;https://www.helsenorge.no/ru/psykisk-helse/selvmordstanker-og-selvmord/er-du-bekymret-for-noen/
Helsedirektoratet;nasjonalt-senter-for-selvmordsforskning-og-forebygging-;ru;psykisk-helse;Что делать при суицидальных мыслях?;;https://www.helsenorge.no/ru/psykisk-helse/selvmordstanker-og-selvmord/har-du-selvmordstanker/
Helsedirektoratet;;se;psykisk-helse;Silolaš dearvvašvuođadikšu ollesolbmuide;;https://www.helsenorge.no/se/psykisk-helse/psykisk-helsehjelp-for-voksne/
Helsedirektoratet;;se;psykisk-helse;Psykologa;;https://www.helsenorge.no/se/psykisk-helse/psykolog/
Helsedirektoratet;nasjonalt-senter-for-selvmordsforskning-og-forebygging-;se;psykisk-helse;Iešsoardinjurdagat ja iešsoardin;;https://www.helsenorge.no/se/psykisk-helse/selvmordstanker-og-selvmord/
Helsedirektoratet;nasjonalt-senter-for-selvmordsforskning-og-forebygging-;se;psykisk-helse;Balat go muhtun oahppása soardit iežas?;;https://www.helsenorge.no/se/psykisk-helse/selvmordstanker-og-selvmord/er-du-bekymret-for-noen/
Helsedirektoratet;nasjonalt-senter-for-selvmordsforskning-og-forebygging-;se;psykisk-helse;Rávvagat dutnje geas leat iešsorbmenjurdagat;;https://www.helsenorge.no/se/psykisk-helse/selvmordstanker-og-selvmord/har-du-selvmordstanker/
Helsedirektoratet;;tr;psykisk-helse;Kriz dönemlerinde ruh sağlığı ;;https://www.helsenorge.no/tr/psykisk-helse/psykisk-helse-i-kriser/
Helsedirektoratet;;tr;psykisk-helse;Travmatik olaylar yaşamış olanlara yönelik tavsiyeler ;;https://www.helsenorge.no/tr/psykisk-helse/rad-til-deg-som-har-opplevd-traumatiske-hendelser/
Helsedirektoratet;nasjonalt-kunnskapssenter-om-vold-og-traumatisk-stress;tr;psykisk-helse;Çocuklar ve Gençlerle Savaş, Terör ve Diğer Ciddi Olaylar Hakkında Nasıl Konuşulur ;;https://www.helsenorge.no/tr/psykisk-helse/snakk-med-barna-om-terror-krig/
Helsedirektoratet;;uk;psykisk-helse;Психічне здоров'я у кризових ситуаціях;;https://www.helsenorge.no/uk/psykisk-helse/psykisk-helse-i-kriser/
Helsedirektoratet;nasjonalt-senter-for-selvmordsforskning-og-forebygging-;uk;psykisk-helse;Суїцидальні думки та самогубство;;https://www.helsenorge.no/uk/psykisk-helse/selvmordstanker-og-selvmord/
Helsedirektoratet;nasjonalt-senter-for-selvmordsforskning-og-forebygging-;uk;psykisk-helse;Як допомогти людині з суїцидальними думками;;https://www.helsenorge.no/uk/psykisk-helse/selvmordstanker-og-selvmord/er-du-bekymret-for-noen/
Helsedirektoratet;nasjonalt-senter-for-selvmordsforskning-og-forebygging-;uk;psykisk-helse;Що робити, якщо Ви маєте суїцидальні думки?;;https://www.helsenorge.no/uk/psykisk-helse/selvmordstanker-og-selvmord/har-du-selvmordstanker/
Helsedirektoratet;nasjonalt-kunnskapssenter-om-vold-og-traumatisk-stress;uk;psykisk-helse;Snakke med barn og ungdom om krig, terror og andre alvorlige hendelser;;https://www.helsenorge.no/uk/psykisk-helse/snakk-med-barna-om-terror-krig/
Helsedirektoratet;;uk;psykisk-helse;Поради для тих, хто пережив травматичні події ;;https://www.helsenorge.no/uk/psykisk-helse/traumatiske-hendelser/
Helsedirektoratet;;am;rettigheter;አስተርጓሚ በጤና አገልግሎት ውስጥ;;https://www.helsenorge.no/am/rettigheter/tolk/
Helsedirektoratet;;ar;rettigheter;مترجم في جهاز الخدمات الصحية;;https://www.helsenorge.no/ar/rettigheter/tolk/
Helsedirektoratet;;bs;rettigheter;Prevodilac u zdravstvenoj službi;;https://www.helsenorge.no/bs/rettigheter/tolk/
Helsedirektoratet;;es;rettigheter;Intérpretes en el servicio de salud en Noruega;;https://www.helsenorge.no/es/rettigheter/tolk/
Helsedirektoratet;;fr;rettigheter;Un interprète dans les services de santé en Norvège;;https://www.helsenorge.no/fr/rettigheter/tolk/
Helsedirektoratet;;ku;rettigheter;وەرگێڕ لە خزمەتگوزاری تەندروستییدا;;https://www.helsenorge.no/ku/rettigheter/tolk-i-helsetjenesten/
Helsedirektoratet;;lt;rettigheter;Vertėjas žodžiu sveikatos priežiūroje;;https://www.helsenorge.no/lt/rettigheter/tolk/
Helsedirektoratet;;nn;rettigheter;Rett til bindende frist;2024-04-02;https://www.helsenorge.no/nn/rettigheter/sykehus-og-spesialist/bindande-frist/
Helsedirektoratet;;nn;rettigheter;Rett til ny vurdering;2024-03-18;https://www.helsenorge.no/nn/rettigheter/sykehus-og-spesialist/ny-vurdering-rett/
Helsedirektoratet;;nn;rettigheter;Rett til nødvendig helsehjelp fra spesialisthelsetjenesten;2023-09-20;https://www.helsenorge.no/nn/rettigheter/sykehus-og-spesialist/rett-til-nodvendig-hjelp/
Helsedirektoratet;;pl;rettigheter;Tłumacz w usługach zdrowotnych;;https://www.helsenorge.no/pl/rettigheter/tolk/
Helsedirektoratet;;ro;rettigheter;Interpret în serviciul de sănătate;;https://www.helsenorge.no/ro/rettigheter/tolk/
Helsedirektoratet;;ru;rettigheter;Переводчик в учреждениях здравоохранения в Норвегии;;https://www.helsenorge.no/ru/rettigheter/tolk/
Helsedirektoratet;;se;rettigheter;Mánáidkoordináhtor;;https://www.helsenorge.no/se/rettigheter/barnekoordinator/
Helsedirektoratet;;se;rettigheter;Vuodjinkoarta ja dearvvašvuođagáibádusat;;https://www.helsenorge.no/se/rettigheter/forerkort-og-helsekrav/
Helsedirektoratet;;se;rettigheter;Individuála plána ja koordináhtor;;https://www.helsenorge.no/se/rettigheter/individuell-plan/
Helsedirektoratet;;se;rettigheter;Buorit rávvagat dutnje gii galggat  buohccevissui;;https://www.helsenorge.no/se/rettigheter/rad-til-deg-som-skal-pa-sjukehus/
Helsedirektoratet;;se;rettigheter;Vuoigatvuohta golahallandoaktárii ;;https://www.helsenorge.no/se/rettigheter/rett-til-kontaktlege/
Helsedirektoratet;;se;rettigheter;Vuoigatvuohta geatnegahtton áigemearrái;;https://www.helsenorge.no/se/rettigheter/sykehus-og-spesialist/rett-til-bindende-frist/
Helsedirektoratet;;se;rettigheter;Riekti oažžut veahki dearvvašvuođabálvalusas;;https://www.helsenorge.no/se/rettigheter/sykehus-og-spesialist/rett-til-nodvendig-helsehjelp/
Helsedirektoratet;;se;rettigheter;Vuoigatvuohta ođđa árvvoštallamii ;;https://www.helsenorge.no/se/rettigheter/sykehus-og-spesialist/rett-til-ny-vurdering/
Helsedirektoratet;;se;rettigheter;Dulka dearvvašvuođabálvalusas;;https://www.helsenorge.no/se/rettigheter/tolk/
Helsedirektoratet;;so;rettigheter;Turjumaanka adeegyada caafimaadka;;https://www.helsenorge.no/so/rettigheter/tolk/
Helsedirektoratet;;sq;rettigheter;Përkthyesi në shërbimin shëndetësor;;https://www.helsenorge.no/sq/rettigheter/tolk/
Helsedirektoratet;;th;rettigheter;Tolk i helsetjenesten – rett til informasjon på ditt språk;;https://www.helsenorge.no/th/rettigheter/tolk-i-helsetjenesten/
Helsedirektoratet;;ti;rettigheter;ተርጓማይ ኣብ ኣገልግሎት ጥዕና;;https://www.helsenorge.no/ti/rettigheter/tolk/
Helsedirektoratet;;tr;rettigheter;Sağlık hizmetlerinde tercüman;;https://www.helsenorge.no/tr/rettigheter/tolk/
Helsedirektoratet;;uk;rettigheter;Перекладач у службі охорони здоров’я;;https://www.helsenorge.no/uk/rettigheter/tolk/
Helsedirektoratet;;ur;rettigheter;ہیلتھ سروس میں ترجمان;;https://www.helsenorge.no/ur/rettigheter/tolk/
Helsedirektoratet;;vi;rettigheter;Thông dịch viên trong dịch vụ y tế;;https://www.helsenorge.no/vi/rettigheter/tolk/
Helsedirektoratet;;zh;rettigheter;医疗服务的翻译;;https://www.helsenorge.no/zh/rettigheter/tolk/
Helsedirektoratet;;ar;sex-og-samliv;إليكِ التي تفكرين في الإجهاض;;https://www.helsenorge.no/ar/sex-og-samliv/til-deg-som-vurderer-abort/
Helsedirektoratet;;en;sex-og-samliv;Are you considering having an abortion?;;https://www.helsenorge.no/en/sex-og-samliv/abortion/
Helsedirektoratet;;en;sex-og-samliv;Order free condoms in Norway;;https://www.helsenorge.no/en/sex-og-samliv/contraception/free-condoms/
Helsedirektoratet;;en;sex-og-samliv;Sterilisation in Norway;;https://www.helsenorge.no/en/sex-og-samliv/contraception/sterilisering/
Helsedirektoratet;;fa;sex-og-samliv;قابل توجه کسانی که به سقط جنین فکر می‌کنند ;;https://www.helsenorge.no/fa/sex-og-samliv/til-deg-som-vurderer-abort/
Helsedirektoratet;;fr;sex-og-samliv;Pour les femmes qui envisagent un avortement;;https://www.helsenorge.no/fr/sex-og-samliv/til-deg-som-vurderer-abort/
Helsedirektoratet;;lt;sex-og-samliv;Svarstote apie abortą? ;;https://www.helsenorge.no/lt/sex-og-samliv/til-deg-som-vurderer-abort/
Helsedirektoratet;;pl;sex-og-samliv;Dla osób, kóry zędowają aborcję;;https://www.helsenorge.no/pl/sex-og-samliv/til-deg-som-vurderer-abort/
Helsedirektoratet;;ru;sex-og-samliv;Для тех, кто рассматривает аборт;;https://www.helsenorge.no/ru/sex-og-samliv/til-deg-som-vurderer-abort/
Helsedirektoratet;;so;sex-og-samliv;Dumarka ka fekeraya in ay ilmaha iska soo ridaan ;;https://www.helsenorge.no/so/sex-og-samliv/til-deg-som-vurderer-abort/
Helsedirektoratet;;ta;sex-og-samliv;கருக்கலைப்பு பற்றி யோசிப்பவர்களுக்கு;;https://www.helsenorge.no/ta/sex-og-samliv/til-deg-som-vurderer-abort/
Helsedirektoratet;;th;sex-og-samliv;สำหรับคุณที่กำลังพิจารณาการยุติการตั้งครรภ์ ;;https://www.helsenorge.no/th/sex-og-samliv/til-deg-som-vurderer-abort/
Helsedirektoratet;;ti;sex-og-samliv;ነተን ምንጻል ጥንሲ ዝሓስባ እተዳለወ;;https://www.helsenorge.no/ti/sex-og-samliv/til-deg-som-vurderer-abort/
Helsedirektoratet;;tr;sex-og-samliv;Kürtaj yaptırmayı değerlendirenler için;;https://www.helsenorge.no/tr/sex-og-samliv/til-deg-som-vurderer-abort/
Helsedirektoratet;;uk;sex-og-samliv;Якщо ви думаєте про аборт;;https://www.helsenorge.no/uk/sex-og-samliv/til-deg-som-vurderer-abort/
Helsedirektoratet;;ur;sex-og-samliv;آپ کے لیے جو ابارشن (حمل گرانے) پر غور کر رہی ہیں ;;https://www.helsenorge.no/ur/sex-og-samliv/til-deg-som-vurderer-abort/
Helsedirektoratet;;vi;sex-og-samliv;Dành cho bạn là người đang cân nhắc phá thai;;https://www.helsenorge.no/vi/sex-og-samliv/til-deg-som-vurderer-abort/
Helsedirektoratet;;ar;snus-og-roykeslutt;فوائد الإقلاع عن التدخين;;https://www.helsenorge.no/ar/snus-og-roykeslutt/fordeler-ved-a-slutte-a-royke/
Helsedirektoratet;;ar;snus-og-roykeslutt;مقترحات للإقلاع عن التدخين;;https://www.helsenorge.no/ar/snus-og-roykeslutt/tips-for-a-slutte-a-royke/
Helsedirektoratet;;bs;snus-og-roykeslutt;Prednosti odvikavanja od pušenja;;https://www.helsenorge.no/bs/snus-og-roykeslutt/fordeler-ved-a-slutte-a-royke/
Helsedirektoratet;;bs;snus-og-roykeslutt;Savjeti za prestanak pušenja;;https://www.helsenorge.no/bs/snus-og-roykeslutt/tips-for-a-slutte-a-royke/
Helsedirektoratet;;en;snus-og-roykeslutt;Health risks of smoking and benefits of quitting;;https://www.helsenorge.no/en/snus-og-roykeslutt/fordeler-ved-a-slutte-a-royke/
Helsedirektoratet;;en;snus-og-roykeslutt;Tips for quitting smoking, snus use and vaping;;https://www.helsenorge.no/en/snus-og-roykeslutt/tips-for-a-slutte-a-royke/
Helsedirektoratet;;fa;snus-og-roykeslutt;فواید ترک سیگار;;https://www.helsenorge.no/fa/snus-og-roykeslutt/fordeler-ved-a-slutte-a-royke/
Helsedirektoratet;;fa;snus-og-roykeslutt;توصیه هایی برای ترک سیگار;;https://www.helsenorge.no/fa/snus-og-roykeslutt/tips-for-a-slutte-a-royke/
Helsedirektoratet;;lt;snus-og-roykeslutt;Metimo rūkyti nauda;;https://www.helsenorge.no/lt/snus-og-roykeslutt/fordeler-ved-a-slutte-a-royke/
Helsedirektoratet;;lt;snus-og-roykeslutt;Patarimai, kaip mesti rūkyti;;https://www.helsenorge.no/lt/snus-og-roykeslutt/tips-for-a-slutte-a-royke/
Helsedirektoratet;;pl;snus-og-roykeslutt;Korzyści z rzucenia palenia;;https://www.helsenorge.no/pl/snus-og-roykeslutt/fordeler-ved-a-slutte-a-royke/
Helsedirektoratet;;pl;snus-og-roykeslutt;Porady dotyczące rzucenia palenia;;https://www.helsenorge.no/pl/snus-og-roykeslutt/tips-for-a-slutte-a-royke/
Helsedirektoratet;;ru;snus-og-roykeslutt;Преимущества отказа от курения;;https://www.helsenorge.no/ru/snus-og-roykeslutt/fordeler-ved-a-slutte-a-royke/
Helsedirektoratet;;ru;snus-og-roykeslutt;Как бросить курить - полезные советы;;https://www.helsenorge.no/ru/snus-og-roykeslutt/tips-for-a-slutte-a-royke/
Helsedirektoratet;;se;snus-og-roykeslutt;Ovdamunit heaitit borgguheamis;;https://www.helsenorge.no/se/snus-og-roykeslutt/fordeler-ved-a-slutte-a-royke/
Helsedirektoratet;;se;snus-og-roykeslutt;Neavvagat movt heaitit borgguheamis;;https://www.helsenorge.no/se/snus-og-roykeslutt/tips-for-a-slutte-a-royke/
Helsedirektoratet;;so;snus-og-roykeslutt;Faa`iidooyinka joojinta sigaar-cabidda;;https://www.helsenorge.no/so/snus-og-roykeslutt/fordeler-ved-a-slutte-a-royke/
Helsedirektoratet;;so;snus-og-roykeslutt;Naseexooyinka ku saabsan joojinta sigaar-cabidda;;https://www.helsenorge.no/so/snus-og-roykeslutt/tips-for-a-slutte-a-royke/
Helsedirektoratet;;sq;snus-og-roykeslutt;Përftimet e lënies së duhanit;;https://www.helsenorge.no/sq/snus-og-roykeslutt/fordeler-ved-a-slutte-a-royke/
Helsedirektoratet;;sq;snus-og-roykeslutt;Këshilla për të lënë duhanin;;https://www.helsenorge.no/sq/snus-og-roykeslutt/tips-for-a-slutte-a-royke/
Helsedirektoratet;;tr;snus-og-roykeslutt;Sigarayı bırakmanın faydaları;;https://www.helsenorge.no/tr/snus-og-roykeslutt/fordeler-ved-a-slutte-a-royke/
Helsedirektoratet;;tr;snus-og-roykeslutt;Sigarayı bırakmak için ipuçları;;https://www.helsenorge.no/tr/snus-og-roykeslutt/tips-for-a-slutte-a-royke/
Helsedirektoratet;;uk;snus-og-roykeslutt;Переваги припинення тютюнопаління;;https://www.helsenorge.no/uk/snus-og-roykeslutt/fordeler-ved-a-slutte-a-royke/
Helsedirektoratet;;uk;snus-og-roykeslutt;Підказки, як кинути палити;;https://www.helsenorge.no/uk/snus-og-roykeslutt/tips-for-a-slutte-a-royke/
Helsedirektoratet;;ur;snus-og-roykeslutt;تمباکونوشی چھوڑنے کے فوائد;;https://www.helsenorge.no/ur/snus-og-roykeslutt/fordeler-ved-a-slutte-a-royke/
Helsedirektoratet;;ur;snus-og-roykeslutt;تمباکونوشی چھوڑنے کے لیے مشورے;;https://www.helsenorge.no/ur/snus-og-roykeslutt/tips-for-a-slutte-a-royke/
Helsedirektoratet;;vi;snus-og-roykeslutt;Lợi ích của việc bỏ thuốc lá;;https://www.helsenorge.no/vi/snus-og-roykeslutt/fordeler-ved-a-slutte-a-royke/
Helsedirektoratet;;vi;snus-og-roykeslutt;Mẹo bỏ thuốc lá;;https://www.helsenorge.no/vi/snus-og-roykeslutt/tips-for-a-slutte-a-royke/
Helsedirektoratet;;en;sovnproblemer;Gode råd for betre søvn;;https://www.helsenorge.no/en/sovnproblemer/rad-for-bedre-sovn/
Helsedirektoratet;;am;sykdom;Kvinnelig omskjæring (kjønnslemlestelse);;https://www.helsenorge.no/am/sykdom/underliv/helseproblemer-pa-grunn-av-kvinnelig-omskjaring-kjonnslemlestelse/
Helsedirektoratet;;ar;sykdom;مرض السكّري - النوع 2 ;;https://www.helsenorge.no/ar/sykdom/diabetes/diabetes-type-2/
Helsedirektoratet;folkehelseinstituttet;ar;sykdom;جدري القرود;;https://www.helsenorge.no/ar/sykdom/infeksjon-og-betennelse/mpox/
Helsedirektoratet;;ar;sykdom;مسار حزمة المساعدات لمرضى السرطان;;https://www.helsenorge.no/ar/sykdom/kreft/pakkeforlop-heim-for-pasientar-med-kreft/
Helsedirektoratet;;ar;sykdom;نصائح تتعلق برمضان والصحة;;https://www.helsenorge.no/ar/sykdom/ramadan/
Helsedirektoratet;;ar;sykdom;Svangerskapsdiabetes;;https://www.helsenorge.no/ar/sykdom/svangerskap/svangerskapsdiabetes/
Helsedirektoratet;;ar;sykdom;Kvinnelig omskjæring (kjønnslemlestelse);;https://www.helsenorge.no/ar/sykdom/underliv/helseproblemer-pa-grunn-av-kvinnelig-omskjaring-kjonnslemlestelse/
Helsedirektoratet;;en;sykdom;Advice on Ramadan and health;;https://www.helsenorge.no/en/sykdom/advice-ramadan-and-health/
Helsedirektoratet;;en;sykdom;Dementia and rights in Norway;;https://www.helsenorge.no/en/sykdom/demens/dementia-and-rights/
Helsedirektoratet;;en;sykdom;Services available to next of kin of someone with dementia in Norway;;https://www.helsenorge.no/en/sykdom/demens/services-available-to-next-of-kin-of-someone-with-dementia/
Helsedirektoratet;;en;sykdom;Type 2 diabetes;;https://www.helsenorge.no/en/sykdom/diabetes/diabetes-type-2/
Helsedirektoratet;;en;sykdom;Rapid HIV test in Norway;;https://www.helsenorge.no/en/sykdom/hiv-aids/rapid-HIV-test/
Helsedirektoratet;norwegian-institute-of-public-health;en;sykdom;Mpox;;https://www.helsenorge.no/en/sykdom/infeksjon-og-betennelse/mpox/
Helsedirektoratet;;en;sykdom;Get tested for sexually transmitted infections (STIs) for free in Norway;;https://www.helsenorge.no/en/sykdom/kjonnssykdommer/sti-get-tested/
Helsedirektoratet;;en;sykdom;Cancer pathway – home;;https://www.helsenorge.no/en/sykdom/kreft/cancer-pathway-home/
Helsedirektoratet;;en;sykdom;Cancer patient pathways in Norway;;https://www.helsenorge.no/en/sykdom/kreft/cancer-patient-pathways/
Helsedirektoratet;;en;sykdom;Gestational diabetes;;https://www.helsenorge.no/en/sykdom/svangerskap/svangerskapsdiabetes/
Helsedirektoratet;;en;sykdom;Female genital mutilation;;https://www.helsenorge.no/en/sykdom/underliv/female-genital-mutilation/
Helsedirektoratet;folkehelseinstituttet;es;sykdom;Viruela del mono (mpox);;https://www.helsenorge.no/es/sykdom/infeksjon-og-betennelse/mpox/
Helsedirektoratet;folkehelseinstituttet;fa;sykdom;آبله میمون;;https://www.helsenorge.no/fa/sykdom/infeksjon-og-betennelse/mpox/
Helsedirektoratet;;fa;sykdom;فرآیند جامع در منزل برای بیماران مبتلا به سرطان   ;;https://www.helsenorge.no/fa/sykdom/kreft/pakkeforlop-heim-for-pasientar-med-kreft/
Helsedirektoratet;;fa;sykdom;توصیه‌های بهداشتی در ماه رمضان;;https://www.helsenorge.no/fa/sykdom/ramadan/
Helsedirektoratet;folkehelseinstituttet;fr;sykdom;Le mpox;;https://www.helsenorge.no/fr/sykdom/infeksjon-og-betennelse/mpox/
Helsedirektoratet;;fr;sykdom;Kvinnelig omskjæring (kjønnslemlestelse);;https://www.helsenorge.no/fr/sykdom/underliv/helseproblemer-pa-grunn-av-kvinnelig-omskjaring-kjonnslemlestelse/
Helsedirektoratet;;ku;sykdom;پێشنیارە تەندروستییەکان لەماوەی ڕەمەزاندا ;;https://www.helsenorge.no/ku/sykdom/ramadan/
Helsedirektoratet;;lt;sykdom;2-ojo tipo cukrinis diabetas;;https://www.helsenorge.no/lt/sykdom/diabetes/diabetes-type-2/
Helsedirektoratet;folkehelseinstituttet;lt;sykdom;B raupai;;https://www.helsenorge.no/lt/sykdom/infeksjon-og-betennelse/mpox/
Helsedirektoratet;;lt;sykdom;Nėščiųjų diabetas;;https://www.helsenorge.no/lt/sykdom/svangerskap/svangerskapsdiabetes/
Helsedirektoratet;folkehelseinstituttet;lv;sykdom;Pērtiķu bakas;;https://www.helsenorge.no/lv/sykdom/infeksjon-og-betennelse/mpox/
Helsedirektoratet;;pl;sykdom;Cukrzyca typu 2;;https://www.helsenorge.no/pl/sykdom/diabetes/diabetes-type-2/
Helsedirektoratet;folkehelseinstituttet;pl;sykdom;Małpia ospa  (mpox);;https://www.helsenorge.no/pl/sykdom/infeksjon-og-betennelse/mpox/
Helsedirektoratet;;pl;sykdom;Pakiet długofalowej opieki dla pacjentów z chorobą nowotworową;;https://www.helsenorge.no/pl/sykdom/kreft/pakkeforlop-heim-for-pasientar-med-kreft/
Helsedirektoratet;;pl;sykdom;Cukrzyca ciążowa;;https://www.helsenorge.no/pl/sykdom/svangerskap/svangerskapsdiabetes/
Helsedirektoratet;;ps;sykdom;د روژې په میاشت کې روغتیایي سپارښتنې ;;https://www.helsenorge.no/ps/sykdom/ramadan/
Helsedirektoratet;folkehelseinstituttet;ro;sykdom;Variola maimuței;;https://www.helsenorge.no/ro/sykdom/infeksjon-og-betennelse/mpox/
Helsedirektoratet;;ru;sykdom;Диабет 2-го типа;;https://www.helsenorge.no/ru/sykdom/diabetes/diabetes-type-2/
Helsedirektoratet;folkehelseinstituttet;ru;sykdom;Оспа обезьян;;https://www.helsenorge.no/ru/sykdom/infeksjon-og-betennelse/mpox/
Helsedirektoratet;;ru;sykdom;Сахарный диабет беременных;;https://www.helsenorge.no/ru/sykdom/svangerskap/svangerskapsdiabetes/
Helsedirektoratet;;se;sykdom;Oapmehažžan sutnje geas lea demeansa;;https://www.helsenorge.no/se/sykdom/demens/a-vare-parorende-til-en-person-med-demens/
Helsedirektoratet;;se;sykdom;Demeansa ja vuoigatvuođat;;https://www.helsenorge.no/se/sykdom/demens/demens-og-rettigheter/
Helsedirektoratet;;se;sykdom;Dáinna lágiin hálat demeanssa birra;;https://www.helsenorge.no/se/sykdom/demens/slik-snakker-du-om-demens/
Helsedirektoratet;;se;sykdom;Fálaldat lagaš olbmuide geain lea demeansa ;;https://www.helsenorge.no/se/sykdom/demens/tilbud-til-parorende-til-personer-med-demens/
Helsedirektoratet;;se;sykdom;Borasdávdda obbalaščuovvoleapmi;;https://www.helsenorge.no/se/sykdom/kreft/pakkeforlop-for-kreft/
Helsedirektoratet;;se;sykdom;Páhkkamannolat ruoktu borasdávdapasieanttaide;;https://www.helsenorge.no/se/sykdom/kreft/pakkeforlop-heim-for-pasientar-med-kreft/
Helsedirektoratet;;so;sykdom;Cudurka sonkorowga/macaanka nooca 2:aad;;https://www.helsenorge.no/so/sykdom/diabetes/diabetes-type-2/
Helsedirektoratet;folkehelseinstituttet;so;sykdom;Cudurka furuqa daanyeerka;;https://www.helsenorge.no/so/sykdom/infeksjon-og-betennelse/mpox/
Helsedirektoratet;;so;sykdom;Barnaamijka bukaanka kansarka lagu siiyo guriga;;https://www.helsenorge.no/so/sykdom/kreft/pakkeforlop-heim-for-pasientar-med-kreft/
Helsedirektoratet;;so;sykdom;Talooyin ku saabsan ramadaanta iyo caafimaadka;;https://www.helsenorge.no/so/sykdom/ramadan/
Helsedirektoratet;;so;sykdom;Cudurka sonkorowga/macaanka ee uurka;;https://www.helsenorge.no/so/sykdom/svangerskap/svangerskapsdiabetes/
Helsedirektoratet;;so;sykdom;Kvinnelig omskjæring (kjønnslemlestelse);;https://www.helsenorge.no/so/sykdom/underliv/helseproblemer-pa-grunn-av-kvinnelig-omskjaring-kjonnslemlestelse/
Helsedirektoratet;folkehelseinstituttet;sw;sykdom;Mpox;;https://www.helsenorge.no/sw/sykdom/infeksjon-og-betennelse/m-kopper-mpox/
Helsedirektoratet;;ta;sykdom;வகை 2 சர்க்கரை நோய்;;https://www.helsenorge.no/ta/sykdom/diabetes/diabetes-type-2/
Helsedirektoratet;;ta;sykdom;Svangerskapsdiabetes;;https://www.helsenorge.no/ta/sykdom/svangerskap/svangerskapsdiabetes/
Helsedirektoratet;;th;sykdom;เบาหวานประเภท 2;;https://www.helsenorge.no/th/sykdom/diabetes/diabetes-type-2/
Helsedirektoratet;folkehelseinstituttet;th;sykdom;โรคเอ็มพอกซ์ ;;https://www.helsenorge.no/th/sykdom/infeksjon-og-betennelse/m-kopper-mpox/
Helsedirektoratet;;th;sykdom;Svangerskapsdiabetes;;https://www.helsenorge.no/th/sykdom/svangerskap/svangerskapsdiabetes/
Helsedirektoratet;;ti;sykdom;ዓይነት 2 ሕማም ሽኮርያ;;https://www.helsenorge.no/ti/sykdom/diabetes/diabetes-type-2/
Helsedirektoratet;folkehelseinstituttet;ti;sykdom;Mpox;;https://www.helsenorge.no/ti/sykdom/infeksjon-og-betennelse/mpox/
Helsedirektoratet;;ti;sykdom;ንሕሙማት ካንሰር ዝወሃብ ፓኬጅ ተኸታታሊ ሕክምናዊ ሓገዝ ;;https://www.helsenorge.no/ti/sykdom/kreft/pakkeforlop-heim-for-pasientar-med-kreft/
Helsedirektoratet;;ti;sykdom;Svangerskapsdiabetes;;https://www.helsenorge.no/ti/sykdom/svangerskap/svangerskapsdiabetes/
Helsedirektoratet;;ti;sykdom;Kvinnelig omskjæring (kjønnslemlestelse);;https://www.helsenorge.no/ti/sykdom/underliv/helseproblemer-pa-grunn-av-kvinnelig-omskjaring-kjonnslemlestelse/
Helsedirektoratet;;tr;sykdom;Tip 2 diyabet;;https://www.helsenorge.no/tr/sykdom/diabetes/diabetes-type-2/
Helsedirektoratet;folkehelseinstituttet;tr;sykdom;Maymun çiçeği (Mpox);;https://www.helsenorge.no/tr/sykdom/infeksjon-og-betennelse/mpox/
Helsedirektoratet;;tr;sykdom;Kanser hastaları için evde standart hasta takibi;;https://www.helsenorge.no/tr/sykdom/kreft/pakkeforlop-heim-for-pasientar-med-kreft/
Helsedirektoratet;;tr;sykdom;Ramazan ve sağlık konusunda tavsiyeler;;https://www.helsenorge.no/tr/sykdom/ramadan/
Helsedirektoratet;;tr;sykdom;Gebelik diyabeti;;https://www.helsenorge.no/tr/sykdom/svangerskap/svangerskapsdiabetes/
Helsedirektoratet;;uk;sykdom;Цукровий діабет 2-го типу;;https://www.helsenorge.no/uk/sykdom/diabetes/diabetes-type-2/
Helsedirektoratet;folkehelseinstituttet;uk;sykdom;Віспа мавп (mpox);;https://www.helsenorge.no/uk/sykdom/infeksjon-og-betennelse/mpox/
Helsedirektoratet;;uk;sykdom;Гестаційний діабет;;https://www.helsenorge.no/uk/sykdom/svangerskap/svangerskapsdiabetes/
Helsedirektoratet;;ur;sykdom;ٹائپ 2 ذیابیطس;;https://www.helsenorge.no/ur/sykdom/diabetes/diabetes-type-2/
Helsedirektoratet;;ur;sykdom;کینسر کے مریضوں کے لیے کمیونٹی پاتھ وے ;;https://www.helsenorge.no/ur/sykdom/kreft/pakkeforlop-heim-for-pasientar-med-kreft/
Helsedirektoratet;;ur;sykdom;ماہ رمضان اور صحت کے بارے میں مشورے;;https://www.helsenorge.no/ur/sykdom/ramadan/
Helsedirektoratet;;ur;sykdom;Svangerskapsdiabetes;;https://www.helsenorge.no/ur/sykdom/svangerskap/svangerskapsdiabetes/
Helsedirektoratet;;en;trening-og-fysisk-aktivitet;Enkle styrketreningsøvelser;;https://www.helsenorge.no/en/trening-og-fysisk-aktivitet/enkelt-treningsprogram/
Helsedirektoratet;;en;trening-og-fysisk-aktivitet;Tips for å bli mer aktiv - slik kommer du i gang;;https://www.helsenorge.no/en/trening-og-fysisk-aktivitet/gode-rad-for-a-bli-mer-fysisk-aktiv/
Helsedirektoratet;;en;trening-og-fysisk-aktivitet;Helsefordeler ved fysisk aktivitet ;;https://www.helsenorge.no/en/trening-og-fysisk-aktivitet/hva-fysisk-aktivitet-gjor-med-kroppen/
Helsedirektoratet;;en;trening-og-fysisk-aktivitet;Stillesitting - Hva skjer i kroppen når du sitter for mye?;;https://www.helsenorge.no/en/trening-og-fysisk-aktivitet/hva-skjer-i-kroppen-nar-du-sitter-for-mye/
Helsedirektoratet;;en;trening-og-fysisk-aktivitet;Anbefalinger om fysisk aktivitet til voksne og eldre;;https://www.helsenorge.no/en/trening-og-fysisk-aktivitet/rad-om-fysisk-aktivitet/
Helsedirektoratet;;en;trening-og-fysisk-aktivitet;Smart mosjon i arbeidslivet;;https://www.helsenorge.no/en/trening-og-fysisk-aktivitet/smart-mosjon/
Helsedirektoratet;;en;trening-og-fysisk-aktivitet;Aktiv på 30 dager;;https://www.helsenorge.no/en/trening-og-fysisk-aktivitet/treningsprogram-30-dager/
Helsedirektoratet;;ar;undersokelse-og-behandling;طرائق الإجهاض;;https://www.helsenorge.no/ar/undersokelse-og-behandling/abortmetoder/
Helsedirektoratet;;ar;undersokelse-og-behandling;تشخيص حالة الجنين;;https://www.helsenorge.no/ar/undersokelse-og-behandling/fosterdiagnostikk/
Helsedirektoratet;;ar;undersokelse-og-behandling;الفحص النسائي;;https://www.helsenorge.no/ar/undersokelse-og-behandling/gynekologisk-undersokelse/
Helsedirektoratet;;en;undersokelse-og-behandling;Prenatal diagnostics in Norway;;https://www.helsenorge.no/en/undersokelse-og-behandling/fetal-diagnostics/
Helsedirektoratet;;en;undersokelse-og-behandling;Gynaecological examination;;https://www.helsenorge.no/en/undersokelse-og-behandling/gynecological-examination/
Helsedirektoratet;;en;undersokelse-og-behandling;Methods of abortion in Norway;;https://www.helsenorge.no/en/undersokelse-og-behandling/methods-of-abortion/
Helsedirektoratet;;en;undersokelse-og-behandling;Experimental treatment ;;https://www.helsenorge.no/en/undersokelse-og-behandling/utprovende-behandling/
Helsedirektoratet;;fa;undersokelse-og-behandling;روش‌های سقط جنین ;;https://www.helsenorge.no/fa/undersokelse-og-behandling/abortmetoder/
Helsedirektoratet;;fr;undersokelse-og-behandling;Méthodes d’avortement;;https://www.helsenorge.no/fr/undersokelse-og-behandling/abortmetoder/
Helsedirektoratet;;lt;undersokelse-og-behandling;Aborto būdai;;https://www.helsenorge.no/lt/undersokelse-og-behandling/abortmetoder/
Helsedirektoratet;;lt;undersokelse-og-behandling;Vaisiaus diagnostika;;https://www.helsenorge.no/lt/undersokelse-og-behandling/fosterdiagnostikk/
Helsedirektoratet;;nn;undersokelse-og-behandling;Fosterdiagnostikk;2025-12-19;https://www.helsenorge.no/nn/undersokelse-og-behandling/fosterdiagnostikk/
Helsedirektoratet;;pl;undersokelse-og-behandling;Metody aborcji;;https://www.helsenorge.no/pl/undersokelse-og-behandling/abortmetoder/
Helsedirektoratet;;pl;undersokelse-og-behandling;Diagnostyka płodu;;https://www.helsenorge.no/pl/undersokelse-og-behandling/fosterdiagnostikk/
Helsedirektoratet;;ru;undersokelse-og-behandling;Методы прерывания беременности;;https://www.helsenorge.no/ru/undersokelse-og-behandling/abortmetoder/
Helsedirektoratet;;ru;undersokelse-og-behandling;Пренатальная диагностика;;https://www.helsenorge.no/ru/undersokelse-og-behandling/fosterdiagnostikk/
Helsedirektoratet;;so;undersokelse-og-behandling;Hababka ilmo iska soo rididda ;;https://www.helsenorge.no/so/undersokelse-og-behandling/abortmetoder/
Helsedirektoratet;;so;undersokelse-og-behandling;Baaritaanka ilmaha uurka;;https://www.helsenorge.no/so/undersokelse-og-behandling/fosterdiagnostikk/
Helsedirektoratet;;so;undersokelse-og-behandling;Baaritaanka dumarka;;https://www.helsenorge.no/so/undersokelse-og-behandling/gynekologisk-undersokelse/
Helsedirektoratet;;ta;undersokelse-og-behandling;கருக்கலைப்பு முறைகள்;;https://www.helsenorge.no/ta/undersokelse-og-behandling/abortmetoder/
Helsedirektoratet;;th;undersokelse-og-behandling;วิธีการยุติการตั้งครรภ์ ;;https://www.helsenorge.no/th/undersokelse-og-behandling/abortmetoder/
Helsedirektoratet;;ti;undersokelse-og-behandling;ሜላታት ምንጻል ጥንሲ;;https://www.helsenorge.no/ti/undersokelse-og-behandling/abortmetoder/
Helsedirektoratet;;tr;undersokelse-og-behandling;Kürtaj yöntemleri;;https://www.helsenorge.no/tr/undersokelse-og-behandling/abortmetoder/
Helsedirektoratet;;tr;undersokelse-og-behandling;Cenin tanıları;;https://www.helsenorge.no/tr/undersokelse-og-behandling/fosterdiagnostikk/
Helsedirektoratet;;uk;undersokelse-og-behandling;Методи проведення аборту;;https://www.helsenorge.no/uk/undersokelse-og-behandling/abortmetoder/
Helsedirektoratet;;uk;undersokelse-og-behandling;Діагностика плода;;https://www.helsenorge.no/uk/undersokelse-og-behandling/fosterdiagnostikk/
Helsedirektoratet;;uk;undersokelse-og-behandling;Гінекологічний огляд;;https://www.helsenorge.no/uk/undersokelse-og-behandling/gynekologisk-undersokelse/
Helsedirektoratet;;ur;undersokelse-og-behandling;ابارشن (حمل گرانے) کے طریقے ;;https://www.helsenorge.no/ur/undersokelse-og-behandling/abortmetoder/
Helsedirektoratet;;ur;undersokelse-og-behandling;جنین (پیٹ میں بچے) کے تشخیصی معائنے;;https://www.helsenorge.no/ur/undersokelse-og-behandling/fosterdiagnostikk/
Helsedirektoratet;;vi;undersokelse-og-behandling;Các phương pháp phá thai;;https://www.helsenorge.no/vi/undersokelse-og-behandling/abortmetoder/
Helsedirektoratet;;vi;undersokelse-og-behandling;Chẩn đoán thai;;https://www.helsenorge.no/vi/undersokelse-og-behandling/fosterdiagnostikk/
Helsedirektoratet;;ar;utlendinger-i-norge;حقوقك الصحية كلاجئ وطالب لجوء;;https://www.helsenorge.no/ar/utlendinger-i-norge/helsehjelp-for-asylsokere-og-flyktninger-i-norge/dine-helserettigheter-som-flyktning-og-asylsoker/
Helsedirektoratet;;ar;utlendinger-i-norge;الفترة الزمنية الأولى للنرويج;;https://www.helsenorge.no/ar/utlendinger-i-norge/helsehjelp-for-asylsokere-og-flyktninger-i-norge/ny-i-norge/
Helsedirektoratet;;ar;utlendinger-i-norge;المساعدة الصحية للأشخاص الذين ليس لديهم إقامة قانونية;;https://www.helsenorge.no/ar/utlendinger-i-norge/helsehjelp-til-personer-uten-lovlig-opphold/
Helsedirektoratet;;lt;utlendinger-i-norge;Medicinos pagalba asmenims, nelegaliai gyvenantiems šalyje;;https://www.helsenorge.no/lt/utlendinger-i-norge/helsehjelp-til-personer-uten-lovlig-opphold/
Helsedirektoratet;;pl;utlendinger-i-norge;Pomoc lekarska dla osób bez legalnego pobytu;;https://www.helsenorge.no/pl/utlendinger-i-norge/helsehjelp-til-personer-uten-lovlig-opphold/
Helsedirektoratet;;ru;utlendinger-i-norge;Медицинская помощь, если вы приехали в Норвегию по гостевой визе;;https://www.helsenorge.no/ru/utlendinger-i-norge/besoksvisum-eller-visumfrihet/
Helsedirektoratet;;ru;utlendinger-i-norge;Ваши права;;https://www.helsenorge.no/ru/utlendinger-i-norge/helsehjelp-for-asylsokere-og-flyktninger-i-norge/dine-helserettigheter-som-flyktning-eller-asylsoker/
Helsedirektoratet;;ru;utlendinger-i-norge;Первое время в Норвегии;;https://www.helsenorge.no/ru/utlendinger-i-norge/helsehjelp-for-asylsokere-og-flyktninger-i-norge/ny-i-norge/
Helsedirektoratet;;ru;utlendinger-i-norge;Медицинская помощь лицам, находящимся в Норвегии без законного основания;;https://www.helsenorge.no/ru/utlendinger-i-norge/helsehjelp-til-personer-uten-lovlig-opphold/
Helsedirektoratet;;so;utlendinger-i-norge;Daryeelka caafimaad ee dadka aan sharci ku joogin;;https://www.helsenorge.no/so/utlendinger-i-norge/helsehjelp-til-personer-uten-lovlig-opphold/
Helsedirektoratet;;ti;utlendinger-i-norge;ሓገዝ ጥዕና ነቶም ሕጋዊ መንበሪ ዘይብሎም ሰባት;;https://www.helsenorge.no/ti/utlendinger-i-norge/helsehjelp-til-personer-uten-lovlig-opphold/
Helsedirektoratet;;uk;utlendinger-i-norge;Ваші права на медичне обслуговування, якщо ви відвідуєте Норвегію і не подаєте заяви на притулок ;;https://www.helsenorge.no/uk/utlendinger-i-norge/besoksvisum-eller-visumfrihet/
Helsedirektoratet;;uk;utlendinger-i-norge;Ваші права ;;https://www.helsenorge.no/uk/utlendinger-i-norge/helsehjelp-for-asylsokere-og-flyktninger-i-norge/dine-helserettigheter-som-flyktning-og-asylsoker/
Helsedirektoratet;;uk;utlendinger-i-norge;Початковий період в Норвегії;;https://www.helsenorge.no/uk/utlendinger-i-norge/helsehjelp-for-asylsokere-og-flyktninger-i-norge/ny-i-norge/
Helsedirektoratet;;ur;utlendinger-i-norge;ریفیوجی یا اسائلم سیکر مریضوں کے حقوق ;;https://www.helsenorge.no/ur/utlendinger-i-norge/helsehjelp-for-asylsokere-og-flyktninger-i-norge/dine-helserettigheter-som-flyktning-og-asylsoker/
Helsedirektoratet;;ur;utlendinger-i-norge;ناروے میں ابتدائی عرصہ ;;https://www.helsenorge.no/ur/utlendinger-i-norge/helsehjelp-for-asylsokere-og-flyktninger-i-norge/ny-i-norge/
Helsedirektoratet;;ur;utlendinger-i-norge;ناروے میں قانونی اقامت نہ رکھنے والوں کے لیے علاج ;;https://www.helsenorge.no/ur/utlendinger-i-norge/helsehjelp-til-personer-uten-lovlig-opphold/
Helsedirektoratet;;se;velg-behandlingssted;Oažžut veahki válljet dikšunsaji;;https://www.helsenorge.no/se/velg-behandlingssted/fa-hjelp-til-a-velge/
Helsedirektoratet;;se;velg-behandlingssted;Guorahallama ja divššu vuordináiggit;;https://www.helsenorge.no/se/velg-behandlingssted/guorahallama-ja-divssu-vuordinaiggit/
Helsedirektoratet;;se;velg-behandlingssted;"Vállje dikšunbáikki: Sáddejumis dikšui
";;https://www.helsenorge.no/se/velg-behandlingssted/vallje-diksunbaikki-saddejumis-diksui/
Helsedirektoratet+Helfo;;nb;behandlere;Kiropraktor – behandling og betaling;2025-07-01;https://www.helsenorge.no/behandlere/betaling-hos-kiropraktor/
Helsedirektoratet+Helfo;"pasientreiser-hf; norsk-helsenett";nb;helsehjelp;Helsehjelp i Norge;2023-10-03;https://www.helsenorge.no/helsehjelp/
Helsedirektoratet+Helfo;"pasientreiser-hf; norsk-helsenett";nb;prs;خدمات صحی در ناروی;;https://www.helsenorge.no/prs/helsehjelp/
Helsedirektoratet+Helfo;norsk-helsenett;nb;prs;در اینجا شما مراقبتهای صحی دریافت میکنید;;https://www.helsenorge.no/prs/utlendinger-i-norge/helsehjelp-for-asylsokere-og-flyktninger-i-norge/her-far-du-helsehjelp/
Helsedirektoratet+Helfo;"pasientreiser-hf; norsk-helsenett";nb;sma;Healsoeviehkie Nöörjesne;;https://www.helsenorge.no/sma/helsehjelp-i-norge/
Helsedirektoratet+Helfo;"pasientreiser-hf; norsk-helsenett";nb;smj;Helsehjelp i Norge;;https://www.helsenorge.no/smj/helsehjelp-i-norge/
Helsedirektoratet+Helfo;norsk-helsenett;nb;utlendinger-i-norge;Her får du helsehjelp;2023-05-02;https://www.helsenorge.no/utlendinger-i-norge/flyktninger-og-asylsokere/her-far-du-helsehjelp/
Helsedirektoratet+Helfo;norsk-helsenett;en;foreigners-in-norway;How to get help if you are sick or need medical care in Norway;;https://www.helsenorge.no/en/foreigners-in-norway/refugees-and-asylum-seekers/where-to-get-help/
Helsedirektoratet+Helfo;"patient-travel-in-norway; norsk-helsenett";en;healthcare;Healthcare in Norway;;https://www.helsenorge.no/en/healthcare/
Helsedirektoratet+Helfo;"pasientreiser-hf; norsk-helsenett";ar;helsehjelp;الرعاية الصحية في النرويج;;https://www.helsenorge.no/ar/helsehjelp/
Helsedirektoratet+Helfo;"pasientreiser-hf; norsk-helsenett";lt;helsehjelp;Sveikatos priežiūra Norvegijoje;;https://www.helsenorge.no/lt/helsehjelp/
Helsedirektoratet+Helfo;"pasientreiser-hf; norsk-helsenett";pl;helsehjelp;Opieka zdrowotna w Norwegii;;https://www.helsenorge.no/pl/helsehjelp/
Helsedirektoratet+Helfo;"pasientreiser-hf; norsk-helsenett";ro;helsehjelp;Serviciile de îngrijire a sănătății în Norvegia;;https://www.helsenorge.no/ro/helsehjelp/
Helsedirektoratet+Helfo;"pasientreiser-hf; norsk-helsenett";ru;helsehjelp;Медицинская помощь в Норвегии;;https://www.helsenorge.no/ru/helsehjelp/
Helsedirektoratet+Helfo;"pasientreiser-hf; norsk-helsenett";se;helsehjelp;Dearvvašvuođaveahkki Norggas;;https://www.helsenorge.no/se/helsehjelp/
Helsedirektoratet+Helfo;"pasientreiser-hf; norsk-helsenett";so;helsehjelp;Daryeelka Caafimaadka Norway;;https://www.helsenorge.no/so/helsehjelp/
Helsedirektoratet+Helfo;"pasientreiser-hf; norsk-helsenett";tr;helsehjelp;Norveç’te sağlık hizmetleri ;;https://www.helsenorge.no/tr/helsehjelp/
Helsedirektoratet+Helfo;"pasientreiser-hf; norsk-helsenett";uk;helsehjelp;Охорона здоров'я в Норвегії;;https://www.helsenorge.no/uk/helsehjelp/
Helsedirektoratet+Helfo;"pasientreiser-hf; norsk-helsenett";ur;helsehjelp;ناروے میں صحت کے لیے مدد ;;https://www.helsenorge.no/ur/helsehjelp/
Helsedirektoratet+Helfo;"pasientreiser-hf; norsk-helsenett";th;helsehjelp-i-norge;Helsehjelp i Norge;;https://www.helsenorge.no/th/helsehjelp-i-norge/
Helsedirektoratet+Helfo;norsk-helsenett;ar;utlendinger-i-norge;هنا تتلقّى الرعاية الصحية;;https://www.helsenorge.no/ar/utlendinger-i-norge/helsehjelp-for-asylsokere-og-flyktninger-i-norge/her-far-du-helsehjelp/
Helsedirektoratet+Helfo;norsk-helsenett;ru;utlendinger-i-norge;Куда обращаться за медицинской помощью в Норвегии;;https://www.helsenorge.no/ru/utlendinger-i-norge/helsehjelp-for-asylsokere-og-flyktninger-i-norge/her-far-du-helsehjelp/
Helsedirektoratet+Helfo;norsk-helsenett;uk;utlendinger-i-norge;Медичну допомогу можна отримати тут;;https://www.helsenorge.no/uk/utlendinger-i-norge/helsehjelp-for-asylsokere-og-flyktninger-i-norge/her-far-du-helsehjelp/
Helsedirektoratet+Helfo;norsk-helsenett;ur;utlendinger-i-norge;پ کو صحت کے لیے مدد یہاں سے مل سکتی ہے;;https://www.helsenorge.no/ur/utlendinger-i-norge/helsehjelp-for-asylsokere-og-flyktninger-i-norge/her-far-du-helsehjelp/
